dataset_name,seed,lm_acc,pseudo_acc,gt_acc,acc_list,overlap_avg_acc,overlap_avg_confidence,nonoverlap_avg_acc,nonoverlap_avg_confidence
basketball,0,0.6375069560378408,0.6980360065466449,0.9189852700490998,"[0.6317512274959084, 0.6391162029459901, 0.5081833060556464, 0.5900163666121113, 0.6047463175122749, 0.5, 0.44189852700491, 0.47299509001636664, 0.2945990180032733, 0.2078559738134206, 0.10065466448445172]",0.3968253968253968,0.33702667596064995,0.6426784902228285,0.3011733637507606
cdr,0,0.6526690391459075,0.6058206719452172,0.6830729723946073,"[0.524074470361652, 0.5722234110849561, 0.5987588273057993, 0.5647335758613311, 0.5593836935587417, 0.573293387545474, 0.5690134817034025, 0.59940081318211, 0.5996148084742136, 0.6073186389899422, 0.6115985448320137]",0.8115419296663661,0.3571877465998886,0.5840309079201546,0.3365012335538151
census,0,0.6168187227290758,0.6210306492230206,0.8292488176401941,"[0.5890301578527117, 0.5908727965112708, 0.5948037589828634, 0.5927768564584485, 0.6035255819667097, 0.5941895460966771, 0.6130458817025981, 0.6197408021620293, 0.6094220256740986, 0.6147656777839199, 0.6287697315889688]",0.6773378264532435,0.7837664006605397,0.4713031735313977,0.7843210634955736
commercial,0,0.8796507094963356,0.8878068303094984,0.9503735325506937,"[0.692102454642476, 0.6622198505869797, 0.7501334044823906, 0.8193703308431163, 0.8279082177161152, 0.8312433297758804, 0.846718249733191, 0.862059765208111, 0.8984791889007471, 0.9163553895410885, 0.9422358591248666]",0.980904394953002,0.7895032620692934,0.5965431514147035,0.793082908798426
imdb,0,0.7161,0.7476,0.7964,"[0.5264, 0.5692, 0.6488, 0.6924, 0.6696, 0.6968, 0.7324, 0.7092, 0.7236, 0.7208, 0.7352]",0.7645895153313551,0.4351760207772376,0.5997263085870681,0.4322472896580215
mushroom,0,0.8726153846153846,0.8671586715867159,0.998769987699877,"[0.8634686346863468, 0.8708487084870848, 0.8708487084870848, 0.8683886838868389, 0.8659286592865929, 0.8696186961869619, 0.8659286592865929, 0.8671586715867159, 0.8610086100861009, 0.8745387453874539, 0.4907749077490775]",0.9009126466753585,0.9840185930542265,0.844988344988345,0.9840861591771084
sms,0,0.6513560804899388,0.672,0.976,"[0.502, 0.718, 0.618, 0.654, 0.742, 0.816, 0.776, 0.676, 0.73, 0.848, 0.906]",0.9781021897810219,0.2899632342965289,0.4821986258588382,0.2662270127442164
spambase,0,0.7771739130434783,0.7678958785249458,0.9327548806941431,"[0.7093275488069414, 0.737527114967462, 0.7722342733188721, 0.7787418655097614, 0.7527114967462039, 0.7613882863340564, 0.7744034707158352, 0.7765726681127982, 0.7744034707158352, 0.8394793926247288, 0.8568329718004338]",0.8888888888888888,0.686024010614874,0.5748865355521936,0.6734466663107497
tennis,0,0.8422413793103448,0.8014571948998178,0.8989071038251366,"[0.4763205828779599, 0.73224043715847, 0.7595628415300546, 0.7896174863387978, 0.7823315118397086, 0.8151183970856102, 0.819672131147541, 0.8324225865209471, 0.8278688524590164, 0.8406193078324226, 0.6794171220400729]",0.8655834564254062,0.9899329631755388,0.8095238095238095,0.986503287812368
yelp,0,0.6946052631578947,0.6868421052631579,0.8052631578947368,"[0.5539473684210526, 0.6123684210526316, 0.665, 0.6907894736842105, 0.64, 0.6873684210526316, 0.7186842105263158, 0.6710526315789473, 0.6986842105263158, 0.7073684210526315, 0.7031578947368421]",0.7841535850657616,0.5170585931625294,0.5511088011088011,0.5132070359122293
youtube,0,0.7276166456494325,0.864,0.888,"[0.648, 0.716, 0.736, 0.816, 0.768, 0.82, 0.856, 0.848, 0.816, 0.844, 0.864]",0.8954869358669834,0.5475957119848262,0.553763440860215,0.50982986634429
basketball,1,0.6387312186978297,0.6996726677577741,0.9549918166939444,"[0.35515548281505727, 0.5621931260229133, 0.5818330605564648, 0.6129296235679215, 0.6456628477905073, 0.7086743044189853, 0.6497545008183306, 0.776595744680851, 0.7021276595744681, 0.765139116202946, 0.8126022913256956]",0.9068085961036353,0.31659530022437166,0.3055416874687968,0.3113754619281177
cdr,1,0.665005931198102,0.6019687566873528,0.6811470147656752,"[0.5343462443826236, 0.5673015193665739, 0.5837791568585491, 0.5647335758613311, 0.5664455381981597, 0.5536058206719452, 0.5884870532848278, 0.6128825165846351, 0.6073186389899422, 0.5846351380269634, 0.6075326342820458]",0.8052299368800722,0.3656059937320635,0.6110753380553767,0.3959558868795693
census,1,0.6094803649345498,0.6219519685523003,0.8247036422824151,"[0.5847920889380259, 0.5991646704747866, 0.5919783797064062, 0.599103249186168, 0.5903814262023217, 0.6089306553651496, 0.6140286223204963, 0.6087463914992937, 0.6168540015969535, 0.6103433450033782, 0.6228118665929612]",0.6773448773448774,0.7733152825671273,0.4590995561192137,0.7899733096488071
commercial,1,0.8773740838920941,0.87940234791889,0.9517075773745998,"[0.6599519743863393, 0.7429295624332978, 0.7789487726787621, 0.8081643543223053, 0.758537886872999, 0.865128068303095, 0.883537886872999, 0.8816702241195304, 0.8972785485592316, 0.91448772678762, 0.9381003201707577]",0.9780783582089553,0.7870753165962272,0.5973352199033133,0.7972056186016883
imdb,1,0.7001,0.7244,0.7596,"[0.65, 0.6828, 0.6692, 0.7024, 0.6888, 0.7348, 0.7376, 0.7228, 0.7424, 0.7508, 0.7408]",0.808282208588957,0.4207294419508879,0.6730482347090999,0.43821635574922724
mushroom,1,0.8630769230769231,0.8671586715867159,1.0,"[0.6063960639606396, 0.8646986469864698, 0.8671586715867159, 0.8671586715867159, 0.8671586715867159, 0.8671586715867159, 0.8646986469864698, 0.8683886838868389, 0.8708487084870848, 0.8720787207872078, 0.6420664206642066]",0.8511655708308428,0.976439918393233,0.8744451490171211,0.9760194251198568
sms,1,0.6552930883639545,0.702,0.97,"[0.574, 0.67, 0.588, 0.792, 0.694, 0.67, 0.774, 0.744, 0.828, 0.87, 0.892]",0.972809667673716,0.27946394573548244,0.5166256157635468,0.2799696720141289
spambase,1,0.7690217391304348,0.7787418655097614,0.9219088937093276,"[0.6984815618221258, 0.735357917570499, 0.7418655097613883, 0.7657266811279827, 0.7288503253796096, 0.7765726681127982, 0.7982646420824295, 0.7960954446854663, 0.7874186550976139, 0.8568329718004338, 0.8438177874186551]",0.8700980392156863,0.6951259166355289,0.5698051948051948,0.6932912731819243
tennis,1,0.8390804597701149,0.8260473588342441,0.8561020036429873,"[0.4562841530054645, 0.6812386156648452, 0.7103825136612022, 0.7140255009107468, 0.7641165755919854, 0.8132969034608379, 0.7941712204007286, 0.7622950819672131, 0.8260473588342441, 0.8342440801457195, 0.8214936247723132]",0.8523245214220602,0.9874197908425338,0.6084656084656085,0.9848707974596038
yelp,1,0.6984210526315789,0.7094736842105264,0.7797368421052632,"[0.5734210526315789, 0.5986842105263158, 0.6576315789473685, 0.6313157894736842, 0.6981578947368421, 0.6655263157894736, 0.6707894736842105, 0.6760526315789473, 0.6676315789473685, 0.6713157894736842, 0.6960526315789474]",0.780783488628394,0.5022620917848322,0.5460816248323433,0.49798465921432994
youtube,1,0.7276166456494325,0.856,0.868,"[0.704, 0.624, 0.788, 0.764, 0.768, 0.84, 0.836, 0.816, 0.848, 0.9, 0.836]",0.8815165876777251,0.5645860106647274,0.5390835579514824,0.47163739326783255
basketball,2,0.6356149137451308,0.6980360065466449,0.9361702127659575,"[0.8576104746317512, 0.6366612111292962, 0.6554828150572831, 0.5270049099836334, 0.4705400981996727, 0.45990180032733224, 0.4500818330605565, 0.4099836333878887, 0.16530278232405893, 0.1039279869067103, 0.10065466448445172]",0.36507936507936506,0.3220275196290335,0.6414279217826284,0.32498263319449416
cdr,2,0.6465005931198102,0.6083886154504601,0.6781510806762251,"[0.5756473357586133, 0.5904130109137599, 0.5769313075112348, 0.5940509308795207, 0.5839931521506527, 0.6165204365503959, 0.5957628932163492, 0.6205863471003638, 0.6098865824951851, 0.5968328696768671, 0.6077466295741494]",0.7516218721037998,0.3820740628418214,0.6151147959183674,0.33121557538934443
census,2,0.6096786989289964,0.6247773478287575,0.8334868865548799,"[0.6131687242798354, 0.6146428352066826, 0.6062281186659296, 0.6029113690805233, 0.6133529881456913, 0.6172225293286653, 0.6213377556661138, 0.6134758307229286, 0.6134144094343099, 0.6242245562311898, 0.6176524783489957]",0.6774580335731415,0.7792410439634739,0.48007033997655335,0.7721930607751566
commercial,2,0.8776547637611103,0.9000800426894343,0.9533084311632871,"[0.606590181430096, 0.7553361792956244, 0.7359925293489862, 0.8143009605122732, 0.7837513340448239, 0.866462113127001, 0.8640608324439701, 0.8992796157950907, 0.9042155816435432, 0.9182230522945571, 0.9394343649946638]",0.9885487679900191,0.789193903016677,0.6189981292870506,0.7884587655358034
imdb,2,0.712,0.7632,0.7172,"[0.6964, 0.726, 0.7148, 0.7056, 0.7112, 0.7248, 0.736, 0.724, 0.7208, 0.7316, 0.7104]",0.8152492668621701,0.4136519380861052,0.6943029180176007,0.4503881416299416
mushroom,2,0.8590769230769231,0.8659286592865929,0.998769987699877,"[0.5867158671586716, 0.8720787207872078, 0.8573185731857319, 0.8646986469864698, 0.8622386223862238, 0.8683886838868389, 0.8708487084870848, 0.8646986469864698, 0.8683886838868389, 0.8720787207872078, 0.6039360393603936]",0.8511569731081926,0.9757044824085034,0.8667474258025439,0.9779576866168754
sms,2,0.6487314085739283,0.744,0.964,"[0.642, 0.512, 0.75, 0.812, 0.698, 0.694, 0.762, 0.756, 0.768, 0.842, 0.946]",0.9761904761904762,0.2695185722798157,0.49577294685990336,0.2254381509928834
spambase,2,0.7733695652173913,0.7787418655097614,0.9392624728850325,"[0.6963123644251626, 0.6811279826464208, 0.6854663774403471, 0.7809110629067245, 0.7505422993492408, 0.7765726681127982, 0.7874186550976139, 0.7809110629067245, 0.8004338394793926, 0.8156182212581344, 0.8763557483731019]",0.9028239202657807,0.6890865210360528,0.529874213836478,0.6933823151640907
tennis,2,0.8459770114942529,0.8123861566484517,0.8788706739526412,"[0.43989071038251365, 0.7003642987249544, 0.7112932604735883, 0.7477231329690346, 0.7914389799635702, 0.7950819672131147, 0.7923497267759563, 0.8032786885245902, 0.8378870673952641, 0.8342440801457195, 0.8169398907103825]",0.8614966807483404,0.988728305413851,0.536144578313253,0.9894872721568491
yelp,2,0.7001973684210526,0.6821052631578948,0.7947368421052632,"[0.5565789473684211, 0.621578947368421, 0.6576315789473685, 0.6468421052631579, 0.6897368421052632, 0.6713157894736842, 0.7039473684210527, 0.6523684210526316, 0.6847368421052632, 0.6928947368421052, 0.6857894736842105]",0.7861222762851703,0.5056573864519743,0.547859380438566,0.5080236066111171
youtube,2,0.725094577553594,0.864,0.892,"[0.636, 0.76, 0.832, 0.788, 0.772, 0.812, 0.868, 0.868, 0.876, 0.864, 0.82]",0.9070796460176991,0.5101515517461556,0.49853372434017595,0.5220185653555511
basketball,3,0.6355036171396773,0.7062193126022913,0.9410801963993454,"[0.6579378068739771, 0.5973813420621932, 0.5319148936170213, 0.49345335515548283, 0.4909983633387889, 0.4762684124386252, 0.28314238952536824, 0.397708674304419, 0.4075286415711948, 0.31014729950900166, 0.10065466448445172]",0.37640449438202245,0.32444549060927896,0.6407403201998411,0.32287062111195874
cdr,3,0.6612099644128114,0.6282901776160924,0.6809330194735715,"[0.5812112133533063, 0.594906912047935, 0.5553177830087738, 0.5966188743847636, 0.6122405307083244, 0.6051786860689065, 0.5996148084742136, 0.5912689920821742, 0.5910549967900706, 0.5925529638347956, 0.613952493045153]",0.7987364620938628,0.3652379456260312,0.6089475378178307,0.36925522952699946
census,3,0.6130503768345894,0.6171611080400466,0.8279589705792028,"[0.5797555432712979, 0.5954179718690498, 0.6051225354707942, 0.5980590872796512, 0.6056139057797433, 0.6060438548000737, 0.6153184693814876, 0.6115103494871322, 0.6026656839260488, 0.6258215097352743, 0.6279712548369265]",0.6877748460861918,0.7729202289631344,0.4555487431023912,0.7822272980224527
commercial,3,0.8772805239357555,0.8858057630736392,0.9478388473852721,"[0.6370064034151548, 0.7693436499466382, 0.7676093916755603, 0.7922892209178228, 0.839247598719317, 0.8633938100320171, 0.8914087513340448, 0.8948772678762006, 0.8935432230522946, 0.9216915688367129, 0.946504802561366]",0.9859750067427853,0.7871232359241881,0.6310214889499949,0.7848664905567007
imdb,3,0.7164,0.7416,0.7724,"[0.5576, 0.564, 0.6496, 0.6496, 0.714, 0.6356, 0.7196, 0.7436, 0.7192, 0.7312, 0.7064]",0.76478279819846,0.4290963561720312,0.6134103304459416,0.42610650187976046
mushroom,3,0.8664615384615385,0.8634686346863468,1.0,"[0.8204182041820418, 0.8671586715867159, 0.8622386223862238, 0.8683886838868389, 0.8683886838868389, 0.8610086100861009, 0.8646986469864698, 0.8708487084870848, 0.8646986469864698, 0.8696186961869619, 0.8659286592865929]",0.8520258367586612,0.9840307501148654,0.8836457659987071,0.9844443468072255
sms,3,0.6636045494313211,0.734,0.982,"[0.676, 0.756, 0.842, 0.792, 0.8, 0.74, 0.808, 0.784, 0.862, 0.906, 0.95]",0.9664536741214057,0.2776636447722678,0.5427710843373494,0.2606388739678283
spambase,3,0.7706521739130435,0.7765726681127982,0.9240780911062907,"[0.7158351409978309, 0.720173535791757, 0.7462039045553145, 0.7396963123644251, 0.7787418655097614, 0.7700650759219089, 0.7809110629067245, 0.789587852494577, 0.8026030368763557, 0.8286334056399133, 0.8676789587852495]",0.8879456706281834,0.7142005928091506,0.5574018126888217,0.6889445874947199
tennis,3,0.8373563218390805,0.8087431693989071,0.8460837887067395,"[0.42714025500910746, 0.6293260473588342, 0.7067395264116576, 0.7285974499089253, 0.73224043715847, 0.7859744990892532, 0.7641165755919854, 0.8114754098360656, 0.8269581056466302, 0.8397085610200364, 0.7950819672131147]",0.850629874025195,0.9901926238097422,0.5342465753424658,0.9936393239766921
yelp,3,0.6913815789473684,0.6681578947368421,0.7997368421052632,"[0.536578947368421, 0.6142105263157894, 0.5992105263157895, 0.6728947368421052, 0.6447368421052632, 0.6473684210526316, 0.6689473684210526, 0.6628947368421053, 0.6821052631578948, 0.6942105263157895, 0.6818421052631579]",0.77439674387053,0.5203152529417067,0.5138291333743086,0.5043511977407912
youtube,3,0.7049180327868853,0.804,0.856,"[0.536, 0.668, 0.78, 0.748, 0.752, 0.812, 0.82, 0.792, 0.808, 0.832, 0.812]",0.8867924528301887,0.5297913085123359,0.43670886075949367,0.5537807921087022
basketball,4,0.6410684474123539,0.6497545008183306,0.9549918166939444,"[0.7872340425531915, 0.5310965630114566, 0.44680851063829785, 0.40180032733224225, 0.43044189852700493, 0.4402618657937807, 0.43617021276595747, 0.1939443535188216, 0.12438625204582651, 0.35842880523731585, 0.10065466448445172]",0.3575418994413408,0.3312335529830332,0.6468317056552351,0.28024102020382
cdr,4,0.6543297746144722,0.6169484271346031,0.680719024181468,"[0.581853199229617, 0.5653755617376418, 0.560239674727156, 0.5946929167558314, 0.5968328696768671, 0.5831371709822384, 0.5891290391611385, 0.6190883800556388, 0.6105285683714958, 0.6049646907768029, 0.6051786860689065]",0.7932604735883424,0.3692502333190658,0.6108437600256656,0.386505430891283
census,4,0.6118603728679095,0.6113260856212763,0.8336711504207358,"[0.5967692402186597, 0.5999017259382102, 0.6185123763896566, 0.6109575578895645, 0.6185737976782753, 0.6061052760886924, 0.6169154228855721, 0.6053682206252687, 0.6187580615441312, 0.6119402985074627, 0.6137829371660217]",0.6715116279069767,0.7765922357483511,0.4818976279650437,0.7686174638480491
commercial,4,0.8798378294090129,0.8892742796157951,0.9493062966915689,"[0.5440234791889007, 0.6237993596584845, 0.6918356456776947, 0.7163820704375667, 0.7650747065101388, 0.8100320170757738, 0.8305763073639274, 0.8731323372465315, 0.9024813233724653, 0.9191568836712913, 0.9406350053361793]",0.9731580175834436,0.7886170437085877,0.5025165146272412,0.7088586312094415
imdb,4,0.7105,0.752,0.7408,"[0.5256, 0.542, 0.544, 0.6692, 0.6504, 0.6868, 0.7132, 0.6996, 0.7108, 0.7352, 0.7236]",0.7703571917339538,0.5539027992671556,0.5595989602673598,0.5559049562374401
mushroom,4,0.8507692307692307,0.8585485854858549,0.993849938499385,"[0.7810578105781057, 0.8646986469864698, 0.8560885608856088, 0.8536285362853628, 0.8646986469864698, 0.8683886838868389, 0.8646986469864698, 0.8622386223862238, 0.8671586715867159, 0.8671586715867159, 0.5399753997539976]",0.841187863137508,0.9759150644839367,0.8589065255731922,0.9768327768141293
sms,4,0.6395450568678915,0.612,0.98,"[0.608, 0.652, 0.682, 0.696, 0.76, 0.76, 0.724, 0.824, 0.85, 0.834, 0.936]",0.9674418604651163,0.2980669458920064,0.5161486898232784,0.31192279294506053
spambase,4,0.7603260869565217,0.7635574837310195,0.9197396963123644,"[0.6789587852494577, 0.7266811279826464, 0.7700650759219089, 0.7678958785249458, 0.7700650759219089, 0.7917570498915402, 0.7722342733188721, 0.7678958785249458, 0.7744034707158352, 0.8134490238611713, 0.8503253796095445]",0.8880407124681934,0.6667740018765798,0.5325264750378215,0.6940899152070175
tennis,4,0.8405172413793104,0.8178506375227687,0.8788706739526412,"[0.4453551912568306, 0.7468123861566485, 0.7167577413479053, 0.7668488160291439, 0.8142076502732241, 0.8014571948998178, 0.8187613843351548, 0.8387978142076503, 0.843351548269581, 0.8515482695810564, 0.8424408014571949]",0.886438809261301,0.9862488613959817,0.790516206482593,0.9881650839827293
yelp,4,0.6885526315789474,0.6657894736842105,0.7942105263157895,"[0.5707894736842105, 0.6542105263157895, 0.6107894736842105, 0.5752631578947368, 0.6981578947368421, 0.6547368421052632, 0.6413157894736842, 0.67, 0.6839473684210526, 0.7039473684210527, 0.6789473684210526]",0.7728053338721083,0.5536209683153969,0.5359366157328805,0.5620036649485617
youtube,4,0.7414880201765448,0.872,0.868,"[0.616, 0.652, 0.608, 0.716, 0.748, 0.78, 0.776, 0.84, 0.836, 0.808, 0.84]",0.8848484848484849,0.5651299330839467,0.5033557046979866,0.47269309103340823
basketball,5,0.6313856427378965,0.7454991816693944,0.9599018003273322,"[0.2430441898527005, 0.5008183306055647, 0.5261865793780688, 0.5826513911620295, 0.6211129296235679, 0.676759410801964, 0.67430441898527, 0.7528641571194763, 0.7127659574468085, 0.7888707037643208, 0.8649754500818331]",0.9502427184466019,0.3062841738408531,0.2412769116555308,0.3053708885170464
cdr,5,0.6880189798339265,0.6079606248662529,0.6927027605392682,"[0.568799486411299, 0.5726514016691633, 0.5741493687138883, 0.5812112133533063, 0.609458591910978, 0.6105285683714958, 0.6058206719452172, 0.613952493045153, 0.6133105071688423, 0.6165204365503959, 0.6150224695056709]",0.7986688851913477,0.3713548844382876,0.6398937935612347,0.3806606791576178
census,5,0.5993653312177707,0.6217062833978256,0.8223082120262883,"[0.5890301578527117, 0.5942509673852957, 0.6063509612431669, 0.6077636508813955, 0.6094220256740986, 0.5986733001658375, 0.6019286284626252, 0.612554511393649, 0.6025428413488115, 0.6212763343774952, 0.6236717646336221]",0.6804625684723068,0.7792282957672946,0.44703872437357633,0.7882908181524986
commercial,5,0.8810541088414159,0.9076840981856991,0.9498399146211313,"[0.6599519743863393, 0.6810298826040555, 0.7422625400213447, 0.8172358591248666, 0.8520544290288153, 0.8513874066168623, 0.8788687299893276, 0.8818036286019211, 0.8996798292422625, 0.927427961579509, 0.9493062966915689]",0.9912636224443844,0.7870222233209231,0.6328228015011664,0.7870425409760868
imdb,5,0.7001,0.75,0.764,"[0.6536, 0.6508, 0.7016, 0.7008, 0.7076, 0.7448, 0.71, 0.7204, 0.7328, 0.7396, 0.752]",0.7860727728983689,0.4015032752569917,0.6805852962169878,0.3853006994553695
mushroom,5,0.8695384615384616,0.8671586715867159,0.991389913899139,"[0.7281672816728167, 0.8659286592865929, 0.8671586715867159, 0.8671586715867159, 0.8671586715867159, 0.8671586715867159, 0.8671586715867159, 0.8708487084870848, 0.8671586715867159, 0.8769987699876999, 0.7589175891758918]",0.8699654775604143,0.9842616152960397,0.8690476190476191,0.9838225065071026
sms,5,0.668416447944007,0.7,0.978,"[0.52, 0.646, 0.704, 0.804, 0.716, 0.754, 0.738, 0.75, 0.838, 0.822, 0.904]",0.9689922480620154,0.27424173451233186,0.5338208409506399,0.3116169515622136
spambase,5,0.7673913043478261,0.7874186550976139,0.9327548806941431,"[0.6789587852494577, 0.7288503253796096, 0.7505422993492408, 0.7635574837310195, 0.7700650759219089, 0.7852494577006508, 0.7787418655097614, 0.7765726681127982, 0.7744034707158352, 0.8199566160520607, 0.8676789587852495]",0.8945548833189283,0.6822852127859763,0.5534407027818448,0.7063585911671177
tennis,5,0.8445402298850575,0.8178506375227687,0.8806921675774135,"[0.46357012750455373, 0.7040072859744991, 0.6912568306010929, 0.7659380692167578, 0.7550091074681239, 0.7404371584699454, 0.7868852459016393, 0.7504553734061931, 0.8087431693989071, 0.8142076502732241, 0.836976320582878]",0.8608669293725372,0.989777603453542,0.5469613259668509,0.990408446491464
yelp,5,0.7011842105263157,0.6552631578947369,0.7907894736842105,"[0.593421052631579, 0.6252631578947369, 0.6297368421052632, 0.7186842105263158, 0.6568421052631579, 0.6810526315789474, 0.6831578947368421, 0.6473684210526316, 0.67, 0.6907894736842105, 0.658157894736842]",0.7819788348916059,0.506403028639698,0.5564294860069507,0.49794820608561646
youtube,5,0.7377049180327869,0.86,0.896,"[0.728, 0.84, 0.828, 0.824, 0.82, 0.856, 0.816, 0.852, 0.828, 0.852, 0.812]",0.8735955056179775,0.5162621336474259,0.6064073226544623,0.502447681853153
basketball,6,0.629827490261547,0.6849427168576104,0.9099836333878887,"[0.6374795417348609, 0.762684124386252, 0.6260229132569558, 0.6497545008183306, 0.6333878887070377, 0.4067103109656301, 0.37643207855973815, 0.39198036006546644, 0.14402618657937807, 0.3076923076923077, 0.10065466448445172]",0.3693181818181818,0.32959080425540493,0.6350323532750596,0.30708943959218094
cdr,6,0.6647686832740214,0.5985448320136957,0.6918467793708538,"[0.5989728225979029, 0.5709394393323347, 0.5786432698480634, 0.619944361224053, 0.6137384977530495, 0.5874170768243099, 0.6126685212925316, 0.6030387331478707, 0.6143804836293602, 0.5940509308795207, 0.6130965118767387]",0.8094405594405595,0.3890243121936346,0.6131553239986975,0.4009533766934124
census,6,0.611067036890123,0.6027885265032861,0.8369879000061421,"[0.625023032983232, 0.6045083225846078, 0.6107732940237086, 0.6074565444383023, 0.5924083287267367, 0.6078250721700141, 0.6008230452674898, 0.5998403046495916, 0.6062281186659296, 0.5898900558933726, 0.5984890362999816]",0.6525029103608847,0.7813099018116658,0.5217932752179327,0.779501747090985
commercial,6,0.8778730703259006,0.8988794023479189,0.9534418356456777,"[0.607657417289221, 0.6451440768409819, 0.7003735325506937, 0.7385272145144077, 0.75, 0.8231056563500534, 0.8272411953041622, 0.8532550693703308, 0.881136606189968, 0.9203575240128068, 0.9494397011739595]",0.9785021374547846,0.7877852818104251,0.5614579294300116,0.7813337905818174
imdb,6,0.7183,0.738,0.7828,"[0.5196, 0.5808, 0.6376, 0.6816, 0.6912, 0.7004, 0.7184, 0.7292, 0.7276, 0.736, 0.7544]",0.7778907611853574,0.522640169918397,0.5850449293966624,0.5269984728466639
mushroom,6,0.8661538461538462,0.8622386223862238,0.997539975399754,"[0.6076260762607626, 0.8757687576875769, 0.8659286592865929, 0.8659286592865929, 0.8671586715867159, 0.8708487084870848, 0.8708487084870848, 0.8622386223862238, 0.8671586715867159, 0.8659286592865929, 0.4944649446494465]",0.8531343283582089,0.9790573531884615,0.8787301587301587,0.9809139942380125
sms,6,0.6360454943132109,0.706,0.974,"[0.24, 0.604, 0.634, 0.692, 0.694, 0.73, 0.876, 0.714, 0.718, 0.862, 0.902]",0.9623955431754875,0.2973013771465183,0.46237244897959184,0.27364290115015366
spambase,6,0.7722826086956521,0.7744034707158352,0.9240780911062907,"[0.648590021691974, 0.7310195227765727, 0.737527114967462, 0.7613882863340564, 0.7765726681127982, 0.7765726681127982, 0.7678958785249458, 0.7852494577006508, 0.7809110629067245, 0.8112798264642083, 0.8741865509761388]",0.8842705786471068,0.6974211714327541,0.531810766721044,0.6362779057650337
tennis,6,0.8520114942528736,0.8114754098360656,0.9034608378870674,"[0.6138433515482696, 0.7805100182149363, 0.7841530054644809, 0.8132969034608379, 0.8114754098360656, 0.8178506375227687, 0.802367941712204, 0.8324225865209471, 0.8387978142076503, 0.8469945355191257, 0.8460837887067395]",0.89540964555491,0.9854959248713967,0.8095508811824901,0.9820379716363
yelp,6,0.6907236842105263,0.666578947368421,0.7905263157894736,"[0.5305263157894737, 0.5692105263157895, 0.6231578947368421, 0.6897368421052632, 0.5689473684210526, 0.6692105263157895, 0.6981578947368421, 0.6707894736842105, 0.6971052631578948, 0.7176315789473684, 0.6510526315789473]",0.7758812241187759,0.5510064694235455,0.5327420267975089,0.5390831874733063
youtube,6,0.7200504413619168,0.796,0.824,"[0.464, 0.508, 0.6, 0.524, 0.656, 0.764, 0.736, 0.716, 0.76, 0.848, 0.832]",0.8944223107569721,0.6256387493184575,0.4329896907216495,0.728108378526916
basketball,7,0.6432943795214245,0.6751227495908347,0.9525368248772504,"[0.613747954173486, 0.5965630114566285, 0.5916530278232406, 0.5409165302782324, 0.5008183306055647, 0.5073649754500819, 0.486088379705401, 0.55810147299509, 0.37561374795417346, 0.24222585924713586, 0.10065466448445172]",0.39896373056994816,0.28781102308690465,0.6486578707916287,0.2996439154791049
cdr,7,0.6733096085409253,0.6071046436978387,0.6869248876524716,"[0.5593836935587417, 0.5754333404665097, 0.6017547613952493, 0.5957628932163492, 0.5831371709822384, 0.6220843141450888, 0.5951209073400385, 0.6062486625294243, 0.6195163706398459, 0.6229402953135031, 0.6250802482345389]",0.8019047619047619,0.37679107345981,0.6243285939968405,0.32709566571455806
census,7,0.6150337167790559,0.6075793870155396,0.8419630243842516,"[0.6242245562311898, 0.6263128800442234, 0.6144585713408267, 0.6072722805724464, 0.6097905534058105, 0.6120631410847, 0.6149499416497758, 0.6028499477919047, 0.6094834469627173, 0.5975062956820834, 0.5962778699097107]",0.6593567251461988,0.7801733221090816,0.5209617755856967,0.7882270286404464
commercial,7,0.8799625760174645,0.9072838847385272,0.9506403415154749,"[0.6886339381003201, 0.7053094983991463, 0.7568036286019211, 0.7717449306296692, 0.8287086446104589, 0.8612593383137673, 0.8595250800426895, 0.902614727854856, 0.8775346851654215, 0.9282283884738527, 0.92982924226254]",0.9780795506936586,0.7879355330620724,0.5946868145259566,0.8016728193637158
imdb,7,0.6953,0.7472,0.7696,"[0.6984, 0.6952, 0.6776, 0.6896, 0.7124, 0.7284, 0.7052, 0.7304, 0.6832, 0.6612, 0.6964]",0.8110032362459547,0.3888548051657599,0.6787699586043761,0.37716412449877634
mushroom,7,0.8633846153846154,0.8671586715867159,1.0,"[0.5571955719557196, 0.8585485854858549, 0.8683886838868389, 0.8610086100861009, 0.8597785977859779, 0.8671586715867159, 0.8659286592865929, 0.8708487084870848, 0.8671586715867159, 0.8683886838868389, 0.6937269372693727]",0.8527644230769231,0.9791348378320179,0.873266078184111,0.9805826930742109
sms,7,0.6478565179352581,0.766,0.97,"[0.366, 0.604, 0.66, 0.692, 0.732, 0.832, 0.844, 0.758, 0.834, 0.902, 0.94]",0.9792592592592593,0.21855138175779745,0.49472377405338297,0.2635156223847719
spambase,7,0.7760869565217391,0.7613882863340564,0.9240780911062907,"[0.6724511930585684, 0.7180043383947939, 0.7180043383947939, 0.7505422993492408, 0.7331887201735358, 0.7678958785249458, 0.7852494577006508, 0.8004338394793926, 0.7939262472885033, 0.8329718004338394, 0.8394793926247288]",0.8855799373040752,0.6993831426421832,0.5124113475177305,0.692266050203246
tennis,7,0.846551724137931,0.7959927140255009,0.8861566484517304,"[0.49271402550091076, 0.7094717668488161, 0.7896174863387978, 0.7868852459016393, 0.7896174863387978, 0.8041894353369763, 0.7996357012750456, 0.7805100182149363, 0.825136612021858, 0.8442622950819673, 0.8479052823315119]",0.8734375,0.9779281778824372,0.5392857142857143,0.9920182851411801
yelp,7,0.6986842105263158,0.655,0.8005263157894736,"[0.5660526315789474, 0.6147368421052631, 0.6376315789473684, 0.6418421052631579, 0.6797368421052632, 0.675, 0.7152631578947368, 0.7015789473684211, 0.7392105263157894, 0.7573684210526316, 0.7344736842105263]",0.842992454647616,0.4951734253405237,0.5991528257719317,0.47976662017396055
youtube,7,0.7036569987389659,0.788,0.864,"[0.668, 0.764, 0.736, 0.82, 0.812, 0.712, 0.848, 0.82, 0.852, 0.792, 0.8]",0.8638392857142857,0.6069485295268455,0.4753623188405797,0.5230610781834443
basketball,8,0.6345019476905954,0.693126022913257,0.9459901800327333,"[0.6284779050736498, 0.4869067103109656, 0.6104746317512275, 0.5040916530278232, 0.6284779050736498, 0.563011456628478, 0.42635024549918166, 0.40180032733224225, 0.35597381342062195, 0.132569558101473, 0.10065466448445172]",0.36363636363636365,0.34471142658468223,0.6406054398543303,0.35345481742765855
cdr,8,0.6552787663107947,0.6098865824951851,0.6956986946287181,"[0.5889150438690349, 0.573293387545474, 0.5987588273057993, 0.5987588273057993, 0.6041087096083886, 0.5730793922533705, 0.6222983094371923, 0.6056066766531136, 0.6267922105713675, 0.619944361224053, 0.6261502246950567]",0.8171064604185623,0.358755815562533,0.5927471116816432,0.4134847678258107
census,8,0.6057120190400634,0.605491063202506,0.8329955162459308,"[0.6211534918002579, 0.6115717707757509, 0.6171611080400466, 0.6046311651618451, 0.6171611080400466, 0.6082550211903446, 0.6122474049505559, 0.6166697377310976, 0.6116946133529881, 0.599103249186168, 0.6163626312880044]",0.6591107236268526,0.7769537668908668,0.49031855090568394,0.7582864685910813
commercial,8,0.8805239357554967,0.893409818569904,0.9574439701173959,"[0.647145144076841, 0.7616061899679829, 0.768409818569904, 0.8223052294557097, 0.8193703308431163, 0.8412486659551761, 0.8709978655282817, 0.8689967982924226, 0.9072838847385272, 0.923025613660619, 0.9501067235859125]",0.9883018047401609,0.7865333681707706,0.6072767364939361,0.7985607749661369
imdb,8,0.7218,0.75,0.7828,"[0.542, 0.5828, 0.634, 0.6668, 0.6544, 0.678, 0.7052, 0.7436, 0.722, 0.7412, 0.7264]",0.7751737293909252,0.5167266010030295,0.577978203682826,0.49969161841236787
mushroom,8,0.8652307692307692,0.8671586715867159,1.0,"[0.5485854858548586, 0.8683886838868389, 0.8671586715867159, 0.8683886838868389, 0.8671586715867159, 0.8671586715867159, 0.8671586715867159, 0.8683886838868389, 0.8708487084870848, 0.8696186961869619, 0.4944649446494465]",0.8554807103490508,0.9747552157795489,0.8744588744588745,0.9799297073072113
sms,8,0.6500437445319335,0.69,0.972,"[0.466, 0.586, 0.676, 0.736, 0.72, 0.808, 0.742, 0.786, 0.798, 0.894, 0.958]",0.9745403111739745,0.2944815622594853,0.49525015832805575,0.3661167162168981
spambase,8,0.7641304347826087,0.7700650759219089,0.93058568329718,"[0.6203904555314533, 0.6898047722342733, 0.6984815618221258, 0.7418655097613883, 0.7418655097613883, 0.7527114967462039, 0.7700650759219089, 0.7722342733188721, 0.8156182212581344, 0.8264642082429501, 0.8720173535791758]",0.8784749801429707,0.6962835858628665,0.5094664371772806,0.6618919935634621
tennis,8,0.8445402298850575,0.8205828779599271,0.8907103825136612,"[0.42714025500910746, 0.7185792349726776, 0.7777777777777778, 0.8051001821493625, 0.8051001821493625, 0.7923497267759563, 0.8351548269581056, 0.8415300546448088, 0.8469945355191257, 0.8533697632058288, 0.8561020036429873]",0.9087893864013267,0.9851511594567901,0.7749850388988629,0.9807455085019842
yelp,8,0.6901315789473684,0.6821052631578948,0.7913157894736842,"[0.5568421052631579, 0.5642105263157895, 0.6073684210526316, 0.6189473684210526, 0.645, 0.638421052631579, 0.6568421052631579, 0.675, 0.6678947368421052, 0.6807894736842105, 0.7231578947368421]",0.774077868852459,0.5424788956987319,0.5369485294117647,0.5310014196531418
youtube,8,0.7087011349306431,0.792,0.856,"[0.624, 0.7, 0.776, 0.784, 0.708, 0.856, 0.796, 0.84, 0.796, 0.78, 0.844]",0.888631090487239,0.5540396422648074,0.4723756906077348,0.532205267574486
basketball,9,0.6358375069560378,0.6178396072013094,0.9492635024549918,"[0.6996726677577741, 0.6211129296235679, 0.5761047463175123, 0.6219312602291326, 0.49018003273322425, 0.5212765957446809, 0.44844517184942717, 0.3608837970540098, 0.16039279869067102, 0.15057283142389524, 0.10065466448445172]",0.41237113402061853,0.2655454888651802,0.6407689682629962,0.2483910877352545
cdr,9,0.6659549228944247,0.5940509308795207,0.7153862615022469,"[0.5439760325272844, 0.5658035523218489, 0.5668735287823667, 0.5782152792638562, 0.5516798630430131, 0.6015407661031458, 0.6006847849347314, 0.5675155146586776, 0.6066766531136315, 0.6280761823239889, 0.6231542906056067]",0.7788057190916736,0.38725587083207674,0.6183079973562459,0.39696689556985915
census,9,0.6023403411344704,0.6146428352066826,0.8299244518149991,"[0.5812296541981451, 0.5672870216817149, 0.5817824457957128, 0.5935753332104907, 0.6058595909342178, 0.6218291259750629, 0.6033413181008538, 0.6180210060807075, 0.6131687242798354, 0.618450955101038, 0.627049935507647]",0.6679008829393335,0.7757600130377447,0.44676681907250165,0.7509056508504256
commercial,9,0.8788086698892874,0.8938100320170758,0.9506403415154749,"[0.6414087513340448, 0.7207844183564568, 0.7952241195304163, 0.8125667022411953, 0.8548559231590181, 0.8395144076840982, 0.8830042689434365, 0.878068303094984, 0.9148879402347919, 0.9116862326574173, 0.942769477054429]",0.982125166903562,0.7857786269554281,0.6077079566003617,0.78811665639593
imdb,9,0.6973,0.7444,0.7652,"[0.6656, 0.6432, 0.6784, 0.7236, 0.7192, 0.7276, 0.722, 0.7224, 0.7352, 0.7312, 0.7196]",0.7940613026819924,0.3744380441918373,0.6722699696663297,0.37886517888967974
mushroom,9,0.8670769230769231,0.8671586715867159,1.0,"[0.6027060270602707, 0.8671586715867159, 0.8720787207872078, 0.8634686346863468, 0.8659286592865929, 0.8671586715867159, 0.8646986469864698, 0.8671586715867159, 0.8671586715867159, 0.8671586715867159, 0.4956949569495695]",0.8559113300492611,0.9792801880049752,0.8776137761377614,0.9787654481853547
sms,9,0.6447944006999126,0.772,0.928,"[0.85, 0.86, 0.74, 0.806, 0.822, 0.786, 0.72, 0.79, 0.724, 0.716, 0.78]",0.9481865284974094,0.15643275375247837,0.6249402771141902,0.1561828136971602
spambase,9,0.7619565217391304,0.7765726681127982,0.928416485900217,"[0.6052060737527115, 0.6767895878524945, 0.6464208242950108, 0.735357917570499, 0.7635574837310195, 0.7852494577006508, 0.7744034707158352, 0.7917570498915402, 0.7874186550976139, 0.8134490238611713, 0.8698481561822126]",0.8765822784810127,0.6915375235357387,0.5104166666666666,0.6857823935616147
tennis,9,0.842816091954023,0.8142076502732241,0.8870673952641166,"[0.5792349726775956, 0.7540983606557377, 0.7923497267759563, 0.7905282331511839, 0.8087431693989071, 0.8306010928961749, 0.8306010928961749, 0.8378870673952641, 0.8652094717668488, 0.8561020036429873, 0.651183970856102]",0.8857142857142857,0.984237358857191,0.8011331444759207,0.9869738994893975
yelp,9,0.6982236842105263,0.6934210526315789,0.8107894736842105,"[0.5652631578947368, 0.5878947368421052, 0.6147368421052631, 0.6489473684210526, 0.7015789473684211, 0.7097368421052631, 0.7042105263157895, 0.7207894736842105, 0.7578947368421053, 0.7771052631578947, 0.765]",0.852753717927766,0.4803135438844395,0.5966303270564915,0.4684721453454724
youtube,9,0.7150063051702396,0.832,0.848,"[0.58, 0.672, 0.708, 0.724, 0.78, 0.82, 0.8, 0.836, 0.844, 0.844, 0.848]",0.865979381443299,0.5564028438804997,0.5097402597402597,0.5230631551247289
basketball,10,0.6367278797996662,0.7004909983633388,0.9754500818330606,"[0.7577741407528642, 0.7397708674304418, 0.5851063829787234, 0.6121112929623568, 0.6014729950900164, 0.4386252045826514, 0.5932896890343698, 0.39689034369885434, 0.4165302782324059, 0.46153846153846156, 0.10065466448445172]",0.3652694610778443,0.3617550875187413,0.6418689045134951,0.35544943397938933
cdr,10,0.6588374851720048,0.6066766531136315,0.6668093301947358,"[0.5640915899850203, 0.5966188743847636, 0.582281189813824, 0.6165204365503959, 0.5944789214637278, 0.594906912047935, 0.5651615664455382, 0.59940081318211, 0.6011127755189386, 0.6081746201583565, 0.6171624224267066]",0.791958041958042,0.38653867640982725,0.6056659068707262,0.4090546761766554
census,10,0.6116620388734629,0.623856028499478,0.8316442478963209,"[0.5826423438363737, 0.5924083287267367, 0.5906885326454149, 0.5863890424421104, 0.6042012161415147, 0.6118174559302254, 0.6114489281985136, 0.6135986733001658, 0.628892574166206, 0.6185123763896566, 0.6213991769547325]",0.6816479400749064,0.7767942835765999,0.45576066199872695,0.7931567549854316
commercial,10,0.8770622173709652,0.8822038420490929,0.9518409818569904,"[0.7365261472785486, 0.7568036286019211, 0.7722785485592316, 0.7708110992529349, 0.814034151547492, 0.8464514407684098, 0.8672625400213447, 0.871264674493063, 0.8643276414087513, 0.9187566702241196, 0.932230522945571]",0.979528859527121,0.7873808868902532,0.6167605167273932,0.7871698424228947
imdb,10,0.7228,0.7588,0.7812,"[0.58, 0.6264, 0.618, 0.696, 0.7048, 0.7112, 0.7124, 0.718, 0.7364, 0.7396, 0.6944]",0.7907625542467452,0.48595818222236614,0.5910372040586246,0.49388278659246365
mushroom,10,0.8636923076923076,0.8610086100861009,0.997539975399754,"[0.5535055350553506, 0.8856088560885609, 0.8696186961869619, 0.8671586715867159, 0.8708487084870848, 0.8708487084870848, 0.8622386223862238, 0.8708487084870848, 0.8671586715867159, 0.8671586715867159, 0.6543665436654367]",0.8483213429256595,0.979148023153226,0.8798988621997471,0.9807869019404306
sms,10,0.6500437445319335,0.586,0.978,"[0.538, 0.606, 0.684, 0.784, 0.66, 0.728, 0.806, 0.826, 0.828, 0.768, 0.936]",0.9773049645390071,0.28656716591467,0.5041113219481341,0.2729288987979178
spambase,10,0.7739130434782608,0.7939262472885033,0.9501084598698482,"[0.7440347071583514, 0.7310195227765727, 0.7809110629067245, 0.7787418655097614, 0.7830802603036876, 0.8004338394793926, 0.7744034707158352, 0.7765726681127982, 0.7917570498915402, 0.841648590021692, 0.8633405639913232]",0.9012027491408935,0.7005488170526554,0.5488165680473372,0.6650821484371812
tennis,10,0.8330459770114943,0.7914389799635702,0.8752276867030966,"[0.32877959927140255, 0.6402550091074681, 0.738615664845173, 0.7795992714025501, 0.7577413479052824, 0.7877959927140255, 0.8069216757741348, 0.8105646630236795, 0.75591985428051, 0.8214936247723132, 0.8661202185792349]",0.8547245306248077,0.9894932533806593,0.5281385281385281,0.9911536594796913
yelp,10,0.6982894736842106,0.7028947368421052,0.8107894736842105,"[0.5689473684210526, 0.6373684210526316, 0.6442105263157895, 0.6547368421052632, 0.6852631578947368, 0.6931578947368421, 0.6728947368421052, 0.658157894736842, 0.6886842105263158, 0.7039473684210527, 0.6692105263157895]",0.7823915079612863,0.5265727287782416,0.5541048113038812,0.5364631674729284
youtube,10,0.7313997477931904,0.852,0.856,"[0.748, 0.76, 0.852, 0.768, 0.832, 0.876, 0.868, 0.832, 0.86, 0.836, 0.8]",0.8791469194312796,0.572242170135064,0.5768194070080862,0.617513632199369
basketball,11,0.6416249304396215,0.6873977086743044,0.9549918166939444,"[0.5867430441898527, 0.6039279869067103, 0.6579378068739771, 0.7618657937806874, 0.6415711947626841, 0.7144026186579379, 0.704582651391162, 0.6963993453355155, 0.7896890343698855, 0.7217675941080196, 0.855973813420622]",0.9432048681541582,0.2993864836299431,0.34740545294635006,0.2969983558319653
cdr,11,0.6460260972716488,0.5923389685426921,0.6843569441472288,"[0.582281189813824, 0.5790712604322705, 0.5854911191953777, 0.582281189813824, 0.5983308367215922, 0.6060346672373208, 0.5874170768243099, 0.6120265354162209, 0.6137384977530495, 0.6120265354162209, 0.6308581211213353]",0.7937625754527163,0.3822397824208952,0.6038497361067992,0.34947012969459373
census,11,0.6080920269734232,0.6054296419138874,0.8399975431484552,"[0.6104047662919968, 0.5987347214544562, 0.6267428290645538, 0.6097291321171918, 0.6053682206252687, 0.6013144155764388, 0.6195565382961734, 0.6242245562311898, 0.6186966402555125, 0.6262514587556047, 0.6169768441741907]",0.6624147137347968,0.7760369707252941,0.4967085577498504,0.7939580415414679
commercial,11,0.8782161234991424,0.8826040554962646,0.9514407684098186,"[0.69517075773746, 0.7509338313767343, 0.7389274279615795, 0.7930896478121665, 0.8056296691568837, 0.8219050160085379, 0.8319103521878335, 0.8509871931696905, 0.9007470651013874, 0.9336979722518677, 0.9406350053361793]",0.9803388953563575,0.7877273198675839,0.611248872858431,0.7854600570474066
imdb,11,0.7057,0.76,0.7532,"[0.6968, 0.6604, 0.6824, 0.728, 0.7336, 0.7164, 0.7456, 0.7108, 0.7284, 0.7388, 0.7188]",0.8103534096565456,0.40416838924249765,0.6757602302590414,0.4148669665646412
mushroom,11,0.8695384615384616,0.8671586715867159,1.0,"[0.7035670356703567, 0.8683886838868389, 0.8671586715867159, 0.8708487084870848, 0.8671586715867159, 0.8671586715867159, 0.8671586715867159, 0.8659286592865929, 0.8671586715867159, 0.8683886838868389, 0.6937269372693727]",0.8521536670547147,0.9790788434709095,0.8870757180156658,0.983400070716979
sms,11,0.6404199475065617,0.732,0.974,"[0.39, 0.612, 0.672, 0.716, 0.742, 0.758, 0.722, 0.816, 0.662, 0.822, 0.892]",0.9378378378378378,0.2720647907277002,0.4961190168175938,0.27820311497721106
spambase,11,0.7652173913043478,0.7657266811279827,0.9436008676789588,"[0.6876355748373102, 0.7049891540130152, 0.7635574837310195, 0.7505422993492408, 0.7852494577006508, 0.7635574837310195, 0.7809110629067245, 0.7874186550976139, 0.806941431670282, 0.8590021691973969, 0.8785249457700651]",0.8882201203783319,0.6933027939868289,0.5612998522895125,0.6910066784372855
tennis,11,0.832183908045977,0.819672131147541,0.9052823315118397,"[0.6320582877959927, 0.8014571948998178, 0.802367941712204, 0.8214936247723132, 0.8169398907103825, 0.7823315118397086, 0.8397085610200364, 0.8132969034608379, 0.8415300546448088, 0.8242258652094717, 0.8060109289617486]",0.8512035010940919,0.988926112416431,0.8111380145278451,0.9901679786785074
yelp,11,0.7031578947368421,0.7331578947368421,0.8086842105263158,"[0.5518421052631579, 0.6507894736842105, 0.6542105263157895, 0.6778947368421052, 0.71, 0.7092105263157895, 0.6813157894736842, 0.7218421052631578, 0.7171052631578947, 0.7031578947368421, 0.7297368421052631]",0.7892079520353423,0.5024413115392301,0.5557702441594942,0.4972476219623067
youtube,11,0.7276166456494325,0.856,0.876,"[0.656, 0.724, 0.78, 0.74, 0.684, 0.772, 0.836, 0.816, 0.848, 0.776, 0.844]",0.897025171624714,0.5777915256114535,0.4691011235955056,0.5922071388855275
basketball,12,0.6373956594323873,0.6833060556464812,0.955810147299509,"[0.35433715220949263, 0.6227495908346972, 0.6857610474631751, 0.704582651391162, 0.6718494271685761, 0.7184942716857611, 0.6972176759410802, 0.7454991816693944, 0.7855973813420621, 0.8003273322422259, 0.8273322422258592]",0.9490826633683777,0.30372038569888926,0.27164973391388486,0.3033969780092656
cdr,12,0.6502965599051008,0.6306441258292318,0.6640273913973893,"[0.5865610956558955, 0.5946929167558314, 0.5938369355874171, 0.5940509308795207, 0.5966188743847636, 0.5852771239032741, 0.5970468649689706, 0.5985448320136957, 0.6158784506740852, 0.5882730579927241, 0.6103145730793923]",0.7915224913494809,0.3616465928621379,0.6005230467473031,0.36193858804717116
census,12,0.6090836969456564,0.6126773539708863,0.8292488176401941,"[0.6133529881456913, 0.6047540077390824, 0.6135986733001658, 0.6127387752595049, 0.6119402985074627, 0.6116946133529881, 0.6078864934586328, 0.5994103556292611, 0.6021743136170997, 0.5991646704747866, 0.6024199987715743]",0.6620260663507109,0.7770326135724526,0.49819927971188477,0.7701343293136022
commercial,12,0.8796195228442226,0.8823372465314835,0.9525080042689434,"[0.6604855923159018, 0.7183831376734259, 0.7697438633938101, 0.7700106723585912, 0.7904215581643543, 0.8273745997865528, 0.8472518676627535, 0.8812700106723586, 0.8852721451440768, 0.9342315901814301, 0.9387673425827108]",0.9783404383585239,0.7882212932209091,0.6203347658900701,0.7861391611122768
imdb,12,0.7027,0.7472,0.7648,"[0.6624, 0.7244, 0.6968, 0.6892, 0.6808, 0.7112, 0.726, 0.698, 0.706, 0.7316, 0.7172]",0.7966903073286052,0.37260463486914963,0.6854838709677419,0.3616128486341315
mushroom,12,0.8587692307692307,0.8659286592865929,0.998769987699877,"[0.5289052890528906, 0.8671586715867159, 0.8646986469864698, 0.8646986469864698, 0.8634686346863468, 0.8659286592865929, 0.8683886838868389, 0.8646986469864698, 0.8708487084870848, 0.8683886838868389, 0.8819188191881919]",0.8568075117370892,0.9773745886070442,0.8602846054333765,0.9771833566650484
sms,12,0.6544181977252843,0.78,0.984,"[0.542, 0.618, 0.656, 0.732, 0.776, 0.748, 0.846, 0.794, 0.804, 0.826, 0.92]",0.9829302987197724,0.25147124504213986,0.49589387239418825,0.1881775954659129
spambase,12,0.7635869565217391,0.7787418655097614,0.9327548806941431,"[0.613882863340564, 0.702819956616052, 0.6616052060737527, 0.7049891540130152, 0.754880694143167, 0.7527114967462039, 0.7678958785249458, 0.8156182212581344, 0.8264642082429501, 0.8351409978308026, 0.8763557483731019]",0.8784440842787682,0.6777063048592221,0.5264026402640264,0.7055159251736033
tennis,12,0.8402298850574713,0.802367941712204,0.8788706739526412,"[0.5, 0.7103825136612022, 0.7768670309653917, 0.8224043715846995, 0.8069216757741348, 0.8132969034608379, 0.7969034608378871, 0.8132969034608379, 0.7950819672131147, 0.8142076502732241, 0.7477231329690346]",0.8663393344244408,0.9837572505073936,0.8111718275652702,0.9880894254913315
yelp,12,0.6972368421052632,0.7,0.7963157894736842,"[0.4936842105263158, 0.5744736842105264, 0.6202631578947368, 0.6621052631578948, 0.6510526315789473, 0.6847368421052632, 0.6655263157894736, 0.6876315789473684, 0.6723684210526316, 0.6521052631578947, 0.7031578947368421]",0.787773305776134,0.5047174613387482,0.5558515065756617,0.5146421926160771
youtube,12,0.7440100882723834,0.84,0.868,"[0.672, 0.696, 0.732, 0.844, 0.88, 0.804, 0.78, 0.864, 0.808, 0.804, 0.816]",0.8858921161825726,0.5695770396230886,0.5241157556270096,0.5465019680728358
basketball,13,0.6329437952142459,0.7135842880523732,0.9607201309328969,"[0.6849427168576104, 0.6808510638297872, 0.5515548281505729, 0.6031096563011457, 0.5515548281505729, 0.502454991816694, 0.3821603927986907, 0.32733224222585927, 0.265139116202946, 0.367430441898527, 0.10065466448445172]",0.3597560975609756,0.33122455090234887,0.6380228998979708,0.44368959089103754
cdr,13,0.6474495848161329,0.5991868178900064,0.6886368499893002,"[0.5390541408089022, 0.5756473357586133, 0.5679435052428846, 0.5799272416006848, 0.6006847849347314, 0.5938369355874171, 0.5887010485769313, 0.5936229402953135, 0.6032527284399744, 0.6075326342820458, 0.6026107425636636]",0.8036224976167778,0.3703953075243217,0.5988629185091598,0.37304356044702036
census,13,0.6193970646568822,0.6161169461335299,0.8363122658313371,"[0.6038326884098029, 0.6045697438732265, 0.6158098396904367, 0.6071494379952092, 0.6134758307229286, 0.6114489281985136, 0.6220748111295376, 0.6225661814384866, 0.6255144032921811, 0.6206007002026902, 0.624347398808427]",0.6806160999709386,0.7760886601791243,0.48594628357276703,0.7705684702585129
commercial,13,0.8802120692343677,0.9035485592315902,0.9577107790821772,"[0.7103788687299893, 0.7373265741728922, 0.8065635005336179, 0.7937566702241196, 0.856590181430096, 0.8311099252934898, 0.8828708644610459, 0.8645944503735326, 0.9122198505869797, 0.9252934898612594, 0.9370330843116329]",0.9806901483997854,0.7862514856235252,0.6483028989992778,0.7946444060496541
imdb,13,0.7238,0.7472,0.78,"[0.5956, 0.6084, 0.6464, 0.6868, 0.6836, 0.6936, 0.714, 0.7292, 0.7404, 0.73, 0.7548]",0.7847816298964431,0.4846420572681906,0.5876535810608331,0.4846469748487872
mushroom,13,0.8627692307692307,0.8622386223862238,1.0,"[0.6174661746617466, 0.8683886838868389, 0.8696186961869619, 0.8720787207872078, 0.8708487084870848, 0.8683886838868389, 0.8708487084870848, 0.8708487084870848, 0.8671586715867159, 0.8671586715867159, 0.4833948339483395]",0.8390452876376989,0.9732097158234329,0.8898514851485149,0.9768100391812665
sms,13,0.6557305336832896,0.75,0.974,"[0.49, 0.622, 0.726, 0.8, 0.772, 0.746, 0.802, 0.86, 0.868, 0.884, 0.948]",0.9884393063583815,0.2916873675398008,0.513801756587202,0.29284466516776164
spambase,13,0.7641304347826087,0.7874186550976139,0.93058568329718,"[0.7396963123644251, 0.7527114967462039, 0.7700650759219089, 0.7874186550976139, 0.7613882863340564, 0.7874186550976139, 0.7678958785249458, 0.7830802603036876, 0.7830802603036876, 0.8199566160520607, 0.8676789587852495]",0.8776550552251486,0.6860184086149382,0.5641025641025641,0.6803978770795776
tennis,13,0.8367816091954023,0.7978142076502732,0.8797814207650273,"[0.7304189435336976, 0.7932604735883424, 0.7504553734061931, 0.7887067395264117, 0.7750455373406193, 0.8069216757741348, 0.802367941712204, 0.7859744990892532, 0.8069216757741348, 0.7959927140255009, 0.8451730418943534]",0.8559322033898306,0.9872808358693409,0.6292517006802721,0.9848890194706769
yelp,13,0.6967105263157894,0.6789473684210526,0.7978947368421052,"[0.5473684210526316, 0.5689473684210526, 0.638421052631579, 0.6447368421052632, 0.6305263157894737, 0.7028947368421052, 0.6805263157894736, 0.6863157894736842, 0.6881578947368421, 0.7147368421052631, 0.6984210526315789]",0.7923747763864043,0.5236340516714239,0.550031969309463,0.5217384179991537
youtube,13,0.7414880201765448,0.86,0.872,"[0.476, 0.62, 0.704, 0.736, 0.752, 0.852, 0.76, 0.812, 0.868, 0.84, 0.84]",0.885593220338983,0.578046177886,0.5202492211838006,0.6699386621893574
basketball,14,0.6378408458542014,0.6980360065466449,0.9623567921440261,"[0.6112929623567921, 0.7193126022913257, 0.5490998363338789, 0.49018003273322425, 0.49427168576104746, 0.5253682487725041, 0.4157119476268412, 0.44680851063829785, 0.3895253682487725, 0.306873977086743, 0.10065466448445172]",0.3879781420765027,0.3049525019492138,0.6430356737105203,0.3779534306260845
cdr,14,0.6512455516014235,0.6051786860689065,0.6935587417076824,"[0.5473999572009416, 0.5628076182323989, 0.5812112133533063, 0.584849133319067, 0.586347100363792, 0.5925529638347956, 0.5833511662743419, 0.6203723518082602, 0.6019687566873528, 0.5931949497111063, 0.6101005777872887]",0.7698961937716263,0.35835927058440836,0.6122915985616214,0.3885989790155453
census,14,0.6186037286790956,0.6200479086051225,0.835145261347583,"[0.6161169461335299, 0.6127387752595049, 0.6213991769547325, 0.6167311590197162, 0.6134144094343099, 0.6183895338124193, 0.6172225293286653, 0.6102819237147595, 0.615932682267674, 0.6119402985074627, 0.6185737976782753]",0.6680697534576068,0.7837116668945755,0.5256410256410257,0.7642124632473778
commercial,14,0.8782784968033681,0.9020811099252934,0.9483724653148345,"[0.6145944503735326, 0.6443436499466382, 0.7351921024546425, 0.7664087513340448, 0.8221718249733191, 0.8136339381003201, 0.8863393810032018, 0.8778014941302028, 0.9030149413020278, 0.9275613660618997, 0.9466382070437567]",0.9881672249532344,0.7861313640755314,0.6000220312844239,0.7948850969895935
imdb,14,0.7241,0.7408,0.7804,"[0.5156, 0.566, 0.6236, 0.6628, 0.68, 0.6828, 0.6924, 0.7328, 0.722, 0.7308, 0.7148]",0.7746049348489049,0.41780435604918587,0.5904522613065326,0.4007002869804187
mushroom,14,0.8649230769230769,0.8671586715867159,1.0,"[0.5362853628536285, 0.8708487084870848, 0.8683886838868389, 0.8659286592865929, 0.8696186961869619, 0.8634686346863468, 0.8671586715867159, 0.8659286592865929, 0.8671586715867159, 0.8671586715867159, 0.4920049200492005]",0.8539257455873402,0.9779547389392959,0.8755444928438083,0.9787492328666717
sms,14,0.6557305336832896,0.728,0.976,"[0.484, 0.686, 0.682, 0.83, 0.764, 0.664, 0.856, 0.832, 0.812, 0.774, 0.892]",0.9684931506849315,0.2671124593341766,0.5083547557840618,0.27597641368803755
spambase,14,0.7815217391304348,0.7939262472885033,0.928416485900217,"[0.7223427331887202, 0.7483731019522777, 0.737527114967462, 0.789587852494577, 0.7874186550976139, 0.7809110629067245, 0.7917570498915402, 0.7939262472885033, 0.7787418655097614, 0.8329718004338394, 0.8676789587852495]",0.8958162428219852,0.694502464537978,0.5571658615136876,0.6623681808091194
tennis,14,0.8373563218390805,0.7969034608378871,0.8916211293260473,"[0.4763205828779599, 0.7085610200364298, 0.7504553734061931, 0.7741347905282332, 0.7859744990892532, 0.8060109289617486, 0.8060109289617486, 0.8151183970856102, 0.8469945355191257, 0.8533697632058288, 0.855191256830601]",0.8886438809261301,0.9891002325663102,0.7815126050420168,0.9842068699789437
yelp,14,0.6960526315789474,0.6810526315789474,0.81,"[0.5876315789473684, 0.6057894736842105, 0.6721052631578948, 0.6142105263157894, 0.6102631578947368, 0.6673684210526316, 0.7152631578947368, 0.6678947368421052, 0.7271052631578947, 0.6892105263157895, 0.6913157894736842]",0.7857439733998337,0.501231527277934,0.5484218077474893,0.5195300765585216
youtube,14,0.7225725094577553,0.832,0.88,"[0.556, 0.688, 0.736, 0.78, 0.796, 0.768, 0.796, 0.832, 0.864, 0.864, 0.86]",0.9044444444444445,0.6289303619996468,0.47230320699708456,0.6412302484492146
basketball,15,0.6425153032832499,0.7266775777414075,0.939443535188216,"[0.7741407528641571, 0.630114566284779, 0.6317512274959084, 0.4500818330605565, 0.5769230769230769, 0.45171849427168576, 0.3698854337152209, 0.4214402618657938, 0.44189852700491, 0.12274959083469722, 0.10065466448445172]",0.3611111111111111,0.32463384216510305,0.6482680295286769,0.3517273529192285
cdr,15,0.6502965599051008,0.5985448320136957,0.685212925315643,"[0.5495399101219773, 0.5598116841429489, 0.5726514016691633, 0.5865610956558955, 0.5835651615664456, 0.59940081318211, 0.6227263000213995, 0.6130965118767387, 0.5891290391611385, 0.6212283329766745, 0.6004707896426279]",0.798804780876494,0.3713641679908055,0.6100903145437558,0.33036574829462684
census,15,0.6118603728679095,0.6075793870155396,0.8399975431484552,"[0.6056139057797433, 0.6194951170075548, 0.6083164424789632, 0.6199864873165039, 0.6177138996376144, 0.6037712671211842, 0.6165468951538603, 0.5970149253731343, 0.627049935507647, 0.6070880167065905, 0.6100976598489036]",0.6766917293233082,0.7792363354268574,0.4793244030285381,0.7553665146736398
commercial,15,0.8794635895836582,0.9056830309498399,0.9510405549626467,"[0.602854855923159, 0.7138473852721452, 0.7257203842049093, 0.7870864461045891, 0.7696104589114194, 0.8265741728922091, 0.8748665955176094, 0.8737993596584845, 0.9042155816435432, 0.9103521878335112, 0.9300960512273212]",0.9769249958423416,0.7887667459233427,0.5869212529639336,0.7906833480338801
imdb,15,0.7165,0.7568,0.7788,"[0.5312, 0.5528, 0.628, 0.6664, 0.6584, 0.6876, 0.7204, 0.7412, 0.7716, 0.7296, 0.732]",0.7831865244938958,0.5061342447351702,0.5990365542646642,0.5061728660302549
mushroom,15,0.8652307692307692,0.8634686346863468,0.998769987699877,"[0.5387453874538746, 0.8683886838868389, 0.8683886838868389, 0.8720787207872078, 0.8671586715867159, 0.8646986469864698, 0.8708487084870848, 0.8659286592865929, 0.8708487084870848, 0.8708487084870848, 0.4981549815498155]",0.8505889646621203,0.977353573646579,0.8808796579108125,0.9771580127665003
sms,15,0.6566054243219598,0.688,0.976,"[0.568, 0.682, 0.812, 0.696, 0.746, 0.736, 0.808, 0.778, 0.814, 0.82, 0.878]",0.9830508474576272,0.3046672035813168,0.531459987782529,0.25319669475262535
spambase,15,0.775,0.7744034707158352,0.913232104121475,"[0.7093275488069414, 0.735357917570499, 0.7613882863340564, 0.7527114967462039, 0.7700650759219089, 0.7852494577006508, 0.7939262472885033, 0.7809110629067245, 0.8134490238611713, 0.8394793926247288, 0.8676789587852495]",0.8908941755537325,0.6643283255264563,0.5555555555555556,0.7079539722902879
tennis,15,0.8399425287356321,0.8069216757741348,0.8706739526411658,"[0.366120218579235, 0.5765027322404371, 0.6402550091074681, 0.6703096539162113, 0.6703096539162113, 0.7176684881602914, 0.726775956284153, 0.7650273224043715, 0.7422586520947176, 0.8178506375227687, 0.8406193078324226]",0.8651923659497122,0.9811502691076361,0.3743016759776536,0.9791094453903213
yelp,15,0.6961842105263157,0.7094736842105264,0.7997368421052632,"[0.6144736842105263, 0.641578947368421, 0.6013157894736842, 0.6236842105263158, 0.6773684210526316, 0.6671052631578948, 0.7152631578947368, 0.6921052631578948, 0.6944736842105264, 0.6968421052631579, 0.6907894736842105]",0.7890378119211071,0.535909826802751,0.5581935912336046,0.5452424946620027
youtube,15,0.7313997477931904,0.776,0.896,"[0.688, 0.8, 0.8, 0.796, 0.752, 0.828, 0.84, 0.844, 0.868, 0.804, 0.828]",0.8883495145631068,0.5233301613692087,0.5433070866141733,0.5303226353286727
basketball,16,0.634835837506956,0.7021276595744681,0.9631751227495908,"[0.2741407528641571, 0.5237315875613748, 0.6104746317512275, 0.6350245499181669, 0.648936170212766, 0.7168576104746317, 0.6841243862520459, 0.7324058919803601, 0.7618657937806874, 0.8191489361702128, 0.8453355155482815]",0.9499478623566214,0.30941592962496595,0.27422434367541765,0.312622220379262
cdr,16,0.6702253855278766,0.6066766531136315,0.696768671089236,"[0.5705114487481275, 0.5938369355874171, 0.6026107425636636, 0.6096725872030815, 0.6026107425636636, 0.5991868178900064, 0.6041087096083886, 0.6111705542478065, 0.6252942435266424, 0.6329980740423711, 0.6098865824951851]",0.7887678122380554,0.3865688156450714,0.6240900066181337,0.35406107628361866
census,16,0.6152320507735026,0.6192494318530802,0.8276518641361096,"[0.6008230452674898, 0.6067809102634973, 0.6149499416497758, 0.603464160678091, 0.6150727842270131, 0.6094220256740986, 0.6040169522756588, 0.6128616178367422, 0.619126589275843, 0.6204778576254529, 0.6180210060807075]",0.678726483357453,0.7844823434696586,0.4732199117832388,0.7682836558406736
commercial,16,0.8794947762357711,0.8903415154749199,0.9526414087513341,"[0.6874332977588047, 0.6860992529348986, 0.7806830309498399, 0.7968249733191035, 0.820837780149413, 0.8251067235859125, 0.8496531483457844, 0.9050160085378869, 0.8882070437566703, 0.9194236926360726, 0.9426360725720384]",0.9799109019080441,0.788941002371758,0.590617821303349,0.7835942964188635
imdb,16,0.6927,0.752,0.7676,"[0.6948, 0.6868, 0.6748, 0.6956, 0.6716, 0.7248, 0.6996, 0.744, 0.7284, 0.7324, 0.7104]",0.7901109989909183,0.422017959387399,0.6688700424045897,0.4633230312194445
mushroom,16,0.8590769230769231,0.8622386223862238,1.0,"[0.8843788437884379, 0.8683886838868389, 0.8622386223862238, 0.8671586715867159, 0.8634686346863468, 0.8671586715867159, 0.8659286592865929, 0.8659286592865929, 0.8671586715867159, 0.8622386223862238, 0.46740467404674046]",0.8266583229036295,0.9860177051755127,0.8910411622276029,0.9803430277735492
sms,16,0.636482939632546,0.68,0.962,"[0.35, 0.668, 0.664, 0.686, 0.74, 0.74, 0.8, 0.8, 0.846, 0.852, 0.946]",0.9848942598187311,0.2491317155039118,0.4802955665024631,0.24321060223254767
spambase,16,0.7711956521739131,0.7787418655097614,0.9197396963123644,"[0.6594360086767896, 0.7331887201735358, 0.7592190889370932, 0.7310195227765727, 0.7700650759219089, 0.7613882863340564, 0.806941431670282, 0.7744034707158352, 0.7852494577006508, 0.8264642082429501, 0.8698481561822126]",0.8906644238856182,0.6746998508316249,0.5499231950844854,0.6356760753841926
tennis,16,0.8436781609195402,0.825136612021858,0.9025500910746812,"[0.599271402550091, 0.7823315118397086, 0.7978142076502732, 0.7896174863387978, 0.8151183970856102, 0.8233151183970856, 0.7996357012750456, 0.8205828779599271, 0.8114754098360656, 0.8333333333333334, 0.8469945355191257]",0.8990005260389269,0.9888233937692645,0.7770740975300824,0.9924373677273961
yelp,16,0.7011184210526316,0.6907894736842105,0.7942105263157895,"[0.5607894736842105, 0.6152631578947368, 0.656578947368421, 0.7002631578947368, 0.6426315789473684, 0.7089473684210527, 0.723421052631579, 0.6476315789473684, 0.6610526315789473, 0.6734210526315789, 0.6860526315789474]",0.7901969270720623,0.5059052413984669,0.5610943269553541,0.5183709899622024
youtube,16,0.7301387137452712,0.84,0.884,"[0.58, 0.652, 0.796, 0.796, 0.752, 0.768, 0.748, 0.844, 0.824, 0.828, 0.852]",0.8838174273858921,0.5600239534057377,0.47266881028938906,0.5768128236530629
basketball,17,0.639621591541458,0.707037643207856,0.9648117839607201,"[0.3486088379705401, 0.4623567921440262, 0.6129296235679215, 0.5777414075286416, 0.6382978723404256, 0.6096563011456628, 0.704582651391162, 0.7495908346972177, 0.7397708674304418, 0.7741407528641571, 0.8486088379705401]",0.9482392872295291,0.30690521501031304,0.2989932100210724,0.30981536135747195
cdr,17,0.6709371293001186,0.6163064412582924,0.6854269206077467,"[0.5861331050716885, 0.5872030815322062, 0.5645195805692275, 0.573293387545474, 0.6002567943505243, 0.6098865824951851, 0.6466937727369998, 0.612454526000428, 0.6047506954846993, 0.6182323988872245, 0.613952493045153]",0.8095659875996457,0.3680705865208782,0.6208684381075826,0.394992941999093
census,17,0.6035303451011503,0.6137215158774031,0.8318899330507954,"[0.599778883360973, 0.6012529942878202, 0.6032798968122352, 0.6063509612431669, 0.6086235489220564, 0.6064738038204042, 0.6043240587187519, 0.617099686751428, 0.6295067870523924, 0.6233032369019103, 0.6112032430440391]",0.6659775546367395,0.7819453063950513,0.4746376811594203,0.8000668223237618
commercial,17,0.8776547637611103,0.9031483457844184,0.9517075773745998,"[0.6504802561366062, 0.756136606189968, 0.7586712913553896, 0.7446638207043756, 0.8209711846318036, 0.8259071504802561, 0.868863393810032, 0.8810032017075774, 0.9090181430096052, 0.8936766275346851, 0.9423692636072573]",0.981940056357271,0.7869316985207263,0.5950480157352771,0.7829156895691997
imdb,17,0.7019,0.7364,0.7644,"[0.6804, 0.6712, 0.6664, 0.7036, 0.7064, 0.668, 0.7052, 0.7172, 0.7204, 0.7076, 0.7392]",0.7781862745098039,0.395224610372101,0.6830783938814532,0.39991172190593843
mushroom,17,0.8587692307692307,0.8610086100861009,0.996309963099631,"[0.5313653136531366, 0.8683886838868389, 0.8646986469864698, 0.8622386223862238, 0.8671586715867159, 0.8683886838868389, 0.8683886838868389, 0.8634686346863468, 0.8683886838868389, 0.8683886838868389, 0.6432964329643296]",0.8491032776747063,0.9727142933061527,0.8695652173913043,0.9739928615252783
sms,17,0.642169728783902,0.718,0.97,"[0.674, 0.734, 0.748, 0.63, 0.81, 0.65, 0.788, 0.812, 0.872, 0.886, 0.962]",0.9766423357664233,0.2557518803501977,0.5190505933791381,0.3115642811854278
spambase,17,0.7711956521739131,0.7787418655097614,0.9327548806941431,"[0.6052060737527115, 0.7158351409978309, 0.737527114967462, 0.7462039045553145, 0.7657266811279827, 0.7852494577006508, 0.7960954446854663, 0.8004338394793926, 0.7939262472885033, 0.8590021691973969, 0.8655097613882863]",0.8844589096826688,0.6799497952148901,0.5433715220949263,0.6971812168658232
tennis,17,0.839367816091954,0.8214936247723132,0.8333333333333334,"[0.2522768670309654, 0.5473588342440802, 0.6539162112932605, 0.6375227686703097, 0.7067395264116576, 0.7176684881602914, 0.7231329690346083, 0.7714025500910747, 0.7814207650273224, 0.8132969034608379, 0.8506375227686703]",0.8792781580584941,0.9822544121894631,0.35714285714285715,0.9840167255586986
yelp,17,0.7025657894736842,0.7281578947368421,0.7955263157894736,"[0.5123684210526316, 0.5913157894736842, 0.6381578947368421, 0.6242105263157894, 0.6342105263157894, 0.6810526315789474, 0.6592105263157895, 0.6736842105263158, 0.7181578947368421, 0.6944736842105264, 0.7413157894736843]",0.7832542792328315,0.5127260778188637,0.5465285350781534,0.5111255500573176
youtube,17,0.7528373266078184,0.852,0.872,"[0.668, 0.708, 0.624, 0.776, 0.804, 0.816, 0.836, 0.856, 0.852, 0.808, 0.84]",0.9068736141906873,0.5818838987628638,0.52046783625731,0.5852638011163911
basketball,18,0.6330550918196995,0.6800327332242226,0.9648117839607201,"[0.6669394435351882, 0.6710310965630114, 0.6890343698854338, 0.513911620294599, 0.35106382978723405, 0.5294599018003273, 0.5957446808510638, 0.5433715220949263, 0.337152209492635, 0.13993453355155483, 0.10065466448445172]",0.35195530726256985,0.3375201561344002,0.6387690211219623,0.40617108509918776
cdr,18,0.6441281138790036,0.5857051144874813,0.671731221913118,"[0.560239674727156, 0.5525358442114273, 0.5812112133533063, 0.5951209073400385, 0.5809972180612026, 0.584849133319067, 0.6032527284399744, 0.5889150438690349, 0.5942649261716242, 0.6137384977530495, 0.618018403595121]",0.7815491731940818,0.3818371358609181,0.5945857795172864,0.38952184884909014
census,18,0.6140420468068227,0.6160555248449112,0.8286346047540077,"[0.5965849763528038, 0.6190651679872243, 0.6085007063448191, 0.6105276088692341, 0.6178367422148516, 0.6223204962840121, 0.6094834469627173, 0.6193108531416989, 0.6091763405196241, 0.6067194889748787, 0.6137215158774031]",0.6747630331753555,0.7817386417638164,0.49459783913565425,0.7926207589017138
commercial,18,0.8771557773273039,0.8912753468516542,0.9461045891141943,"[0.6588847385272145, 0.6897011739594451, 0.7473319103521878, 0.7451974386339381, 0.7904215581643543, 0.8439167556029883, 0.8319103521878335, 0.8846051227321238, 0.9050160085378869, 0.932230522945571, 0.9442369263607258]",0.9876792212917087,0.7885680101438021,0.6048822639879023,0.7866590044398339
imdb,18,0.7194,0.7456,0.7508,"[0.5876, 0.6344, 0.6716, 0.7056, 0.6792, 0.6724, 0.7156, 0.6968, 0.714, 0.7236, 0.7036]",0.7747086750107898,0.4456027585556957,0.5877336831748114,0.4572530751297818
mushroom,18,0.8664615384615385,0.8683886838868389,1.0,"[0.5547355473554736, 0.8659286592865929, 0.8597785977859779, 0.8683886838868389, 0.8634686346863468, 0.8683886838868389, 0.8634686346863468, 0.8659286592865929, 0.8683886838868389, 0.8671586715867159, 0.5424354243542435]",0.8433809819763829,0.9761297794327631,0.8878732480195003,0.9751893404216077
sms,18,0.6601049868766404,0.692,0.98,"[0.376, 0.558, 0.732, 0.77, 0.756, 0.71, 0.846, 0.818, 0.832, 0.856, 0.866]",0.9443757725587144,0.30970928130127195,0.4989844278943805,0.3007172467895683
spambase,18,0.7744565217391305,0.7830802603036876,0.9262472885032538,"[0.6919739696312365, 0.6984815618221258, 0.7180043383947939, 0.7657266811279827, 0.7939262472885033, 0.8004338394793926, 0.7852494577006508, 0.7939262472885033, 0.8091106290672451, 0.8329718004338394, 0.8828633405639913]",0.8828315703824248,0.6691727728379374,0.5531914893617021,0.7407406650143588
tennis,18,0.8382183908045977,0.8333333333333334,0.8934426229508197,"[0.21948998178506376, 0.5883424408014571, 0.6958105646630237, 0.7003642987249544, 0.7395264116575592, 0.7367941712204007, 0.7540983606557377, 0.7641165755919854, 0.8151183970856102, 0.8579234972677595, 0.8479052823315119]",0.8741418764302059,0.9826561422892892,0.5771971496437055,0.9820086052014442
yelp,18,0.6978947368421052,0.6989473684210527,0.7968421052631579,"[0.5915789473684211, 0.6355263157894737, 0.5886842105263158, 0.6826315789473684, 0.69, 0.6694736842105263, 0.6807894736842105, 0.6921052631578948, 0.6531578947368422, 0.6828947368421052, 0.7265789473684211]",0.7815503552026745,0.5190932493200661,0.5501066098081023,0.5230808431341819
youtube,18,0.699873896595208,0.768,0.84,"[0.504, 0.712, 0.656, 0.664, 0.744, 0.808, 0.804, 0.788, 0.824, 0.816, 0.816]",0.9004524886877828,0.5689946628461349,0.4444444444444444,0.49465409047379943
basketball,19,0.6359488035614914,0.6947626841243862,0.9705400981996727,"[0.6726677577741408, 0.6833060556464812, 0.5801963993453355, 0.646481178396072, 0.5687397708674304, 0.6055646481178396, 0.4541734860883797, 0.4369885433715221, 0.33797054009819966, 0.11374795417348608, 0.10065466448445172]",0.3442622950819672,0.3086398297927915,0.6420131788229948,0.28124762771853956
cdr,19,0.6559905100830368,0.5846351380269634,0.6751551465867751,"[0.5760753263428204, 0.5820671945217205, 0.5679435052428846, 0.5658035523218489, 0.5769313075112348, 0.6156644553819816, 0.6036807190241815, 0.5923389685426921, 0.6017547613952493, 0.6111705542478065, 0.5901990156216563]",0.796384395813511,0.38187263355369583,0.615992414664981,0.37550920048321434
census,19,0.6090836969456564,0.6187580615441312,0.8323813033597445,"[0.5925925925925926, 0.6026042626374302, 0.5982433511455071, 0.6056139057797433, 0.6078250721700141, 0.6103433450033782, 0.6065352251090228, 0.6179595847920889, 0.60800933603587, 0.6040169522756588, 0.623180394324673]",0.6721500721500722,0.7888592613071399,0.46924540266328474,0.7634963751696662
commercial,19,0.8789957898019648,0.8924759871931697,0.9570437566702241,"[0.7466648879402348, 0.780282817502668, 0.7664087513340448, 0.8357790821771611, 0.8241728922091782, 0.82457310565635, 0.8740661686232657, 0.8772678762006404, 0.9084845250800427, 0.9131536819637139, 0.9334311632870864]",0.9768220793140407,0.7902780108550594,0.6525379923498398,0.7909983322014437
imdb,19,0.7039,0.7396,0.7652,"[0.686, 0.6532, 0.6908, 0.71, 0.7052, 0.6976, 0.7256, 0.7356, 0.7152, 0.736, 0.7408]",0.7994171928120447,0.3810470175265715,0.6803928976199471,0.3974586953366625
mushroom,19,0.8578461538461538,0.8659286592865929,0.998769987699877,"[0.5473554735547356, 0.8757687576875769, 0.8696186961869619, 0.8708487084870848, 0.8634686346863468, 0.8708487084870848, 0.8671586715867159, 0.8671586715867159, 0.8671586715867159, 0.8696186961869619, 0.4821648216482165]",0.8389261744966443,0.983009183991121,0.8789571694599627,0.9813434205579343
sms,19,0.6491688538932633,0.738,0.974,"[0.518, 0.686, 0.628, 0.67, 0.856, 0.74, 0.764, 0.826, 0.802, 0.898, 0.944]",0.9702380952380952,0.24283959468261895,0.5142503097893433,0.21620497854196907
spambase,19,0.7782608695652173,0.7613882863340564,0.93058568329718,"[0.7527114967462039, 0.7613882863340564, 0.7809110629067245, 0.7765726681127982, 0.7592190889370932, 0.7570498915401301, 0.7830802603036876, 0.7852494577006508, 0.8308026030368764, 0.8308026030368764, 0.8676789587852495]",0.8886158886158886,0.6869052103458696,0.5654281098546042,0.6389469673794776
tennis,19,0.8436781609195402,0.802367941712204,0.855191256830601,"[0.5601092896174863, 0.7176684881602914, 0.7841530054644809, 0.8005464480874317, 0.7950819672131147, 0.8132969034608379, 0.831511839708561, 0.8278688524590164, 0.8296903460837887, 0.8242258652094717, 0.8306010928961749]",0.8612066270709596,0.979140106758392,0.6441281138790036,0.968282520936958
yelp,19,0.6938815789473685,0.6586842105263158,0.8047368421052632,"[0.5892105263157895, 0.5889473684210527, 0.641578947368421, 0.6657894736842105, 0.6763157894736842, 0.6992105263157895, 0.7057894736842105, 0.7371052631578947, 0.743421052631579, 0.7468421052631579, 0.7589473684210526]",0.8368092555944588,0.5063572643462729,0.5917043216313289,0.4941484231089954
youtube,19,0.7238335435056746,0.848,0.86,"[0.48, 0.472, 0.616, 0.764, 0.8, 0.724, 0.804, 0.812, 0.812, 0.816, 0.864]",0.8912037037037037,0.6116353666410079,0.4930747922437673,0.4993708646174889
basketball,20,0.636505286588759,0.6579378068739771,0.9689034369885434,"[0.7536824877250409, 0.6448445171849427, 0.5973813420621932, 0.5065466448445172, 0.5212765957446809, 0.513911620294599, 0.3993453355155483, 0.353518821603928, 0.34942716857610473, 0.1718494271685761, 0.10065466448445172]",0.40804597701149425,0.3379007200949849,0.641016910679832,0.359330579745336
cdr,20,0.6619217081850534,0.6019687566873528,0.6935587417076824,"[0.5375561737641772, 0.5589557029745346, 0.5677295099507811, 0.5953349026321421, 0.5880590627006206, 0.568799486411299, 0.5942649261716242, 0.6053926813610101, 0.6032527284399744, 0.6222983094371923, 0.6336400599186818]",0.7711148648648649,0.3634471109460936,0.6136588584625536,0.37983895063971673
census,20,0.610472034906783,0.6096677108285732,0.8364351084085744,"[0.6293225231865365, 0.6137829371660217, 0.6306737915361464, 0.6117560346416068, 0.6028499477919047, 0.602972790369142, 0.6131687242798354, 0.6225661814384866, 0.6188809041213684, 0.611387506909895, 0.6123702475277931]",0.6749625187406297,0.7765995204234167,0.4833040421792619,0.7518322670190524
commercial,20,0.8779354436301263,0.884871931696905,0.9483724653148345,"[0.7183831376734259, 0.7573372465314835, 0.8073639274279616, 0.8052294557097118, 0.8183030949839915, 0.8580576307363927, 0.8854055496264674, 0.8593916755602988, 0.9132870864461046, 0.9078175026680897, 0.933564567769477]",0.9773194953923235,0.7905221416495578,0.6491607455462877,0.7860984391160647
imdb,20,0.7266,0.7576,0.7672,"[0.492, 0.5692, 0.6212, 0.678, 0.6696, 0.7252, 0.7276, 0.6964, 0.7384, 0.7072, 0.7232]",0.7835066435586366,0.4349403561202629,0.5903771131339401,0.4192869756480739
mushroom,20,0.8667692307692307,0.8659286592865929,0.956949569495695,"[0.5301353013530136, 0.8487084870848709, 0.8696186961869619, 0.8622386223862238, 0.8671586715867159, 0.8634686346863468, 0.8597785977859779, 0.8659286592865929, 0.8671586715867159, 0.8720787207872078, 0.8597785977859779]",0.8736360436466033,0.9756110780215727,0.8166259168704156,0.9838504798969936
sms,20,0.6224846894138233,0.608,0.974,"[0.402, 0.514, 0.616, 0.666, 0.708, 0.764, 0.728, 0.774, 0.808, 0.886, 0.934]",0.9637462235649547,0.2868237123501551,0.4698275862068966,0.23438024250247813
spambase,20,0.7663043478260869,0.7722342733188721,0.928416485900217,"[0.6811279826464208, 0.7744034707158352, 0.7483731019522777, 0.7678958785249458, 0.7722342733188721, 0.7765726681127982, 0.7939262472885033, 0.8134490238611713, 0.8091106290672451, 0.8047722342733189, 0.8763557483731019]",0.8923884514435696,0.6832921468069296,0.5624103299856528,0.6841965435986742
tennis,20,0.8413793103448276,0.8087431693989071,0.8715846994535519,"[0.49089253187613846, 0.7285974499089253, 0.7622950819672131, 0.7750455373406193, 0.8005464480874317, 0.7805100182149363, 0.831511839708561, 0.855191256830601, 0.8561020036429873, 0.8005464480874317, 0.8351548269581056]",0.8585109669447019,0.9765895876128522,0.6131687242798354,0.9745588426223352
yelp,20,0.7025657894736842,0.7007894736842105,0.7873684210526316,"[0.5694736842105264, 0.5568421052631579, 0.6297368421052632, 0.6010526315789474, 0.658157894736842, 0.67, 0.6915789473684211, 0.646578947368421, 0.6855263157894737, 0.6618421052631579, 0.7171052631578947]",0.780297182554998,0.5175084313892604,0.5198511166253101,0.5052382558818099
youtube,20,0.7162673392181589,0.8,0.88,"[0.432, 0.58, 0.6, 0.64, 0.7, 0.836, 0.76, 0.808, 0.796, 0.808, 0.84]",0.8706365503080082,0.568687387716401,0.43137254901960786,0.598137761512068
basketball,21,0.6352810239287702,0.7004909983633388,0.9320785597381342,"[0.6276595744680851, 0.7086743044189853, 0.560556464811784, 0.530278232405892, 0.5499181669394435, 0.5818330605564648, 0.32733224222585927, 0.4247135842880524, 0.4451718494271686, 0.13911620294599017, 0.10065466448445172]",0.39344262295081966,0.2967587013884025,0.6403090206771188,0.2828926924709074
cdr,21,0.6690391459074733,0.6130965118767387,0.660603466723732,"[0.5752193451744062, 0.5717954205007489, 0.6210143376845709, 0.6028247378557672, 0.603894714316285, 0.5895570297453456, 0.6169484271346031, 0.6169484271346031, 0.5951209073400385, 0.6088166060346673, 0.630002139952921]",0.8131021194605009,0.36541416102433194,0.6200818382121498,0.3720940041074215
census,21,0.6112653708845697,0.6163012099993858,0.8284503408881518,"[0.5983047724341257, 0.600945887844727, 0.6120017197960813, 0.6135372520115472, 0.6117560346416068, 0.6070880167065905, 0.6118174559302254, 0.6090534979423868, 0.6206007002026902, 0.6164854738652417, 0.6145199926294453]",0.6764705882352942,0.7787397539082699,0.47929354445797806,0.7746993821192943
commercial,21,0.8793076563230937,0.8890074706510138,0.9509071504802561,"[0.6522145144076841, 0.719717182497332, 0.7443970117395945, 0.8147011739594451, 0.8348452508004269, 0.8532550693703308, 0.8649946638207043, 0.8920757737459979, 0.8703308431163287, 0.9194236926360726, 0.9546424759871932]",0.9888317674171246,0.7885755098621982,0.6191979791600885,0.7896373535346813
imdb,21,0.697,0.7288,0.7888,"[0.658, 0.646, 0.7128, 0.7244, 0.722, 0.7316, 0.7312, 0.7108, 0.7452, 0.7344, 0.696]",0.796767874632713,0.37533487319069814,0.6726564463433023,0.39314682701970116
mushroom,21,0.8633846153846154,0.8622386223862238,0.9052890528905289,"[0.5289052890528906, 0.6162361623616236, 0.8708487084870848, 0.8892988929889298, 0.7970479704797048, 0.8769987699876999, 0.8782287822878229, 0.8597785977859779, 0.8819188191881919, 0.8646986469864698, 0.8499384993849939]",0.862987012987013,0.9823812459560687,0.888235294117647,0.9836161953475073
sms,21,0.6417322834645669,0.636,0.984,"[0.506, 0.704, 0.668, 0.736, 0.726, 0.748, 0.742, 0.788, 0.878, 0.848, 0.87]",0.9715909090909091,0.2336938742160826,0.4993678887484197,0.2864577126865132
spambase,21,0.7510869565217392,0.7700650759219089,0.9219088937093276,"[0.702819956616052, 0.7136659436008677, 0.7483731019522777, 0.7570498915401301, 0.754880694143167, 0.7613882863340564, 0.7744034707158352, 0.7613882863340564, 0.7700650759219089, 0.8047722342733189, 0.8524945770065075]",0.8788128606760099,0.6978973378429445,0.5119617224880383,0.7060908366148209
tennis,21,0.835632183908046,0.7868852459016393,0.8843351548269581,"[0.6794171220400729, 0.7468123861566485, 0.7377049180327869, 0.7704918032786885, 0.7741347905282332, 0.8160291438979964, 0.8324225865209471, 0.7987249544626593, 0.8169398907103825, 0.8397085610200364, 0.8160291438979964]",0.8509013137794073,0.9884625115605956,0.5942028985507246,0.9870675155990051
yelp,21,0.7005921052631578,0.6681578947368421,0.7960526315789473,"[0.5844736842105264, 0.6078947368421053, 0.6328947368421053, 0.645, 0.6607894736842105, 0.7097368421052631, 0.7076315789473684, 0.7331578947368421, 0.7431578947368421, 0.748421052631579, 0.775]",0.8410324094442,0.5043766312196414,0.5783319412957881,0.5100809222907441
youtube,21,0.8209331651954602,0.872,0.908,"[0.676, 0.808, 0.78, 0.832, 0.784, 0.812, 0.836, 0.88, 0.832, 0.86, 0.82]",0.8684759916492694,0.5815164938763736,0.7070063694267515,0.5585103522708809
basketball,22,0.6335002782415137,0.6849427168576104,0.955810147299509,"[0.7414075286415712, 0.6702127659574468, 0.5531914893617021, 0.5671031096563012, 0.5114566284779051, 0.4967266775777414, 0.4533551554828151, 0.37315875613747956, 0.28805237315875615, 0.3739770867430442, 0.10065466448445172]",0.3383838383838384,0.29816464254781055,0.6401502219187436,0.47941517620422003
cdr,22,0.6491103202846975,0.6137384977530495,0.6894928311577145,"[0.5471859619088381, 0.5739353734217847, 0.5538198159640488, 0.5946929167558314, 0.5985448320136957, 0.5925529638347956, 0.5931949497111063, 0.6053926813610101, 0.6113845495399102, 0.6096725872030815, 0.6051786860689065]",0.7978003384094755,0.37702895802402864,0.5928123969666996,0.37059550863060925
census,22,0.6116620388734629,0.6207235427799275,0.8310300350101345,"[0.603648424543947, 0.6126159326822677, 0.6066580676862601, 0.597751980836558, 0.6056139057797433, 0.5965235550641852, 0.6146428352066826, 0.6183281125238007, 0.6147656777839199, 0.611878877218844, 0.6160555248449112]",0.6868924889543446,0.776232884207681,0.4584092289010322,0.7854811006405473
commercial,22,0.8783720567597069,0.8944770544290288,0.9549092849519744,"[0.7125133404482391, 0.7550693703308431, 0.7682764140875133, 0.801093916755603, 0.8496531483457844, 0.875667022411953, 0.8759338313767343, 0.8723319103521878, 0.906350053361793, 0.9044823906083245, 0.9330309498399146]",0.9803488425606333,0.7897096970760175,0.6639899380804953,0.7888403523451745
imdb,22,0.6939,0.7264,0.7708,"[0.6612, 0.6484, 0.6648, 0.6952, 0.7056, 0.696, 0.7268, 0.7296, 0.7372, 0.7368, 0.742]",0.8039714867617108,0.4218191127519982,0.6655052264808362,0.37579024730829114
mushroom,22,0.864,0.8671586715867159,0.9126691266912669,"[0.8277982779827798, 0.8622386223862238, 0.8794587945879458, 0.8843788437884379, 0.8745387453874539, 0.8007380073800738, 0.7281672816728167, 0.6494464944649446, 0.5018450184501845, 0.4956949569495695, 0.3148831488314883]",0.9329268292682927,0.9757746664583231,0.8593648736228127,0.983132319845961
sms,22,0.6535433070866141,0.668,0.968,"[0.348, 0.584, 0.548, 0.694, 0.626, 0.768, 0.776, 0.684, 0.782, 0.912, 0.928]",0.975886524822695,0.2779154931422732,0.4927261227071474,0.304062577121344
spambase,22,0.7641304347826087,0.7722342733188721,0.9197396963123644,"[0.7006507592190889, 0.7505422993492408, 0.7527114967462039, 0.7613882863340564, 0.7678958785249458, 0.7613882863340564, 0.7874186550976139, 0.8047722342733189, 0.8004338394793926, 0.8199566160520607, 0.8850325379609545]",0.8817204301075269,0.669956513590416,0.5404120443740095,0.6486586350027735
tennis,22,0.8505747126436781,0.8105646630236795,0.8533697632058288,"[0.5227686703096539, 0.7358834244080146, 0.7969034608378871, 0.7978142076502732, 0.8114754098360656, 0.8242258652094717, 0.8151183970856102, 0.8360655737704918, 0.8324225865209471, 0.8269581056466302, 0.8442622950819673]",0.8638583638583639,0.9894171166927522,0.6372549019607843,0.9846712215522193
yelp,22,0.6982894736842106,0.7147368421052631,0.7810526315789473,"[0.5726315789473684, 0.6273684210526316, 0.6039473684210527, 0.6342105263157894, 0.6278947368421053, 0.7013157894736842, 0.6884210526315789, 0.6478947368421053, 0.6939473684210526, 0.6942105263157895, 0.6936842105263158]",0.7761790567545963,0.4931060506410719,0.5481510015408321,0.4975249927292459
youtube,22,0.7503152585119798,0.84,0.876,"[0.72, 0.748, 0.736, 0.724, 0.832, 0.844, 0.864, 0.864, 0.82, 0.788, 0.844]",0.8752941176470588,0.5535960519296541,0.5788043478260869,0.5344540300733833
basketball,23,0.6370617696160267,0.6783960720130933,0.9615384615384616,"[0.6145662847790507, 0.7144026186579379, 0.455810147299509, 0.632569558101473, 0.45662847790507366, 0.4607201309328969, 0.5368248772504092, 0.3698854337152209, 0.35924713584288054, 0.32078559738134205, 0.10065466448445172]",0.4134078212290503,0.3059298846459934,0.6416079945491711,0.30596326288561376
cdr,23,0.6493475682087781,0.5927669591268993,0.6847849347314359,"[0.5559597688850846, 0.5345602396747272, 0.5551037877166702, 0.5709394393323347, 0.5906270062058635, 0.615450460089878, 0.5931949497111063, 0.5942649261716242, 0.5780012839717527, 0.5972608602610743, 0.5951209073400385]",0.7850098619329389,0.3726222493006685,0.5979381443298969,0.37794988278119646
census,23,0.6059103530345101,0.6061052760886924,0.8348995761931085,"[0.6051839567594128, 0.6218291259750629, 0.6183895338124193, 0.6158712609790553, 0.6362017075118236, 0.6172225293286653, 0.6211534918002579, 0.6169154228855721, 0.6069037528407346, 0.5970149253731343, 0.6064123825317855]",0.6584216725559482,0.7788424138952322,0.49696233292831105,0.7754747407465677
commercial,23,0.880118509278029,0.8868729989327642,0.951974386339381,"[0.6543489861259338, 0.660752401280683, 0.7487993596584845, 0.7798826040554963, 0.8324439701173959, 0.8479188900747066, 0.8537886872998933, 0.8727321237993596, 0.9064834578441836, 0.9170224119530416, 0.9312966915688368]",0.9776220233068739,0.7900894992243281,0.6045817921489083,0.7865001472797063
imdb,23,0.718,0.7516,0.7716,"[0.5528, 0.6156, 0.614, 0.6772, 0.6564, 0.7068, 0.6612, 0.724, 0.7276, 0.7288, 0.708]",0.767842605156038,0.4187566547341234,0.5923954372623574,0.43241956728396524
mushroom,23,0.8618461538461538,0.8659286592865929,1.0,"[0.5313653136531366, 0.8622386223862238, 0.8683886838868389, 0.8646986469864698, 0.8646986469864698, 0.8671586715867159, 0.8671586715867159, 0.8696186961869619, 0.8696186961869619, 0.8708487084870848, 0.5153751537515375]",0.8560840024706609,0.9788353055355407,0.8687921520539547,0.971444285937562
sms,23,0.652668416447944,0.82,0.978,"[0.72, 0.672, 0.766, 0.802, 0.69, 0.748, 0.79, 0.78, 0.77, 0.754, 0.92]",0.9765886287625418,0.25228994138423366,0.544431279620853,0.28438650856114556
spambase,23,0.7570652173913044,0.7505422993492408,0.9240780911062907,"[0.7158351409978309, 0.7570498915401301, 0.702819956616052, 0.7613882863340564, 0.7527114967462039, 0.7570498915401301, 0.754880694143167, 0.7830802603036876, 0.7787418655097614, 0.8177874186550976, 0.8633405639913232]",0.8715824357912179,0.6911360744894522,0.5339652448657188,0.7570604739878786
tennis,23,0.8451149425287356,0.8087431693989071,0.8661202185792349,"[0.41712204007285975, 0.6876138433515483, 0.6876138433515483, 0.7094717668488161, 0.7367941712204007, 0.7641165755919854, 0.8342440801457195, 0.7431693989071039, 0.8642987249544627, 0.802367941712204, 0.8406193078324226]",0.8577418388739143,0.9874002010441839,0.5460992907801419,0.9725431140361649
yelp,23,0.6963815789473684,0.6431578947368422,0.7960526315789473,"[0.5815789473684211, 0.5968421052631578, 0.6518421052631579, 0.6455263157894737, 0.6739473684210526, 0.621578947368421, 0.6765789473684211, 0.6673684210526316, 0.6902631578947368, 0.6768421052631579, 0.6957894736842105]",0.7896128622805162,0.5226023557422778,0.543856595892795,0.5146813941982121
youtube,23,0.6885245901639344,0.824,0.868,"[0.576, 0.7, 0.784, 0.776, 0.756, 0.82, 0.816, 0.772, 0.8, 0.768, 0.78]",0.8938053097345132,0.5388147817730234,0.41348973607038125,0.6373060922440336
basketball,24,0.6416249304396215,0.720949263502455,0.967266775777414,"[0.8477905073649754, 0.5597381342062193, 0.6947626841243862, 0.5360065466448445, 0.4337152209492635, 0.44762684124386254, 0.35842880523731585, 0.4525368248772504, 0.4451718494271686, 0.12847790507364976, 0.10065466448445172]",0.40828402366863903,0.3238320897501779,0.6460980036297641,0.3534590615610843
cdr,24,0.6514827995255041,0.600898780226835,0.6835009629788145,"[0.568799486411299, 0.5837791568585491, 0.5533918253798417, 0.5887010485769313, 0.5989728225979029, 0.5730793922533705, 0.5816392039375133, 0.6006847849347314, 0.603894714316285, 0.5998288037663171, 0.6115985448320137]",0.7958412098298677,0.35303527309555444,0.6018371872030409,0.3228279296506583
census,24,0.5975803252677508,0.6140900436091149,0.8350838400589644,"[0.5913641668202199, 0.5836250844542719, 0.6124316688164118, 0.6083164424789632, 0.5979362447024139, 0.6064123825317855, 0.604815429027701, 0.5991646704747866, 0.6140900436091149, 0.6126773539708863, 0.6196793808734107]",0.6665715915573303,0.7736676947242526,0.443359375,0.8065530659631138
commercial,24,0.8789334164977389,0.8772678762006404,0.9494397011739595,"[0.7261205976520811, 0.8061632870864461, 0.8167022411953042, 0.8329775880469584, 0.8644610458911419, 0.871931696905016, 0.8995464247598719, 0.8907417289220918, 0.9191568836712913, 0.9255602988260405, 0.945837780149413]",0.9876987130961393,0.7845506259015497,0.6685881599414402,0.7922674923094606
imdb,24,0.7127,0.7352,0.7836,"[0.5436, 0.542, 0.6256, 0.6644, 0.726, 0.6988, 0.7164, 0.7288, 0.7232, 0.7432, 0.7308]",0.7792441511697661,0.5554585579126186,0.5774309723889556,0.5471381405288249
mushroom,24,0.8612307692307692,0.8671586715867159,0.998769987699877,"[0.6309963099630996, 0.8671586715867159, 0.8585485854858549, 0.8708487084870848, 0.8646986469864698, 0.8671586715867159, 0.8671586715867159, 0.8659286592865929, 0.8671586715867159, 0.8720787207872078, 0.4944649446494465]",0.8436739659367397,0.9818695161925484,0.8792029887920298,0.9824076405238918
sms,24,0.6439195100612424,0.68,0.978,"[0.692, 0.702, 0.592, 0.752, 0.702, 0.734, 0.756, 0.87, 0.748, 0.93, 0.944]",0.97339593114241,0.3106172876554996,0.5154826958105647,0.25676618382945
spambase,24,0.7815217391304348,0.8026030368763557,0.9370932754880694,"[0.6052060737527115, 0.6941431670281996, 0.737527114967462, 0.7310195227765727, 0.7700650759219089, 0.7744034707158352, 0.7874186550976139, 0.789587852494577, 0.8286334056399133, 0.8785249457700651, 0.8806941431670282]",0.9006622516556292,0.6740642793054854,0.5506329113924051,0.6822223626428904
tennis,24,0.8494252873563218,0.807832422586521,0.8797814207650273,"[0.7695810564663024, 0.7795992714025501, 0.7987249544626593, 0.8151183970856102, 0.8178506375227687, 0.8178506375227687, 0.8178506375227687, 0.8378870673952641, 0.8233151183970856, 0.8415300546448088, 0.8451730418943534]",0.876412429378531,0.9767632605808063,0.7314814814814815,0.97533606804489
yelp,24,0.6880263157894737,0.6723684210526316,0.7978947368421052,"[0.5792105263157895, 0.6078947368421053, 0.6310526315789474, 0.671578947368421, 0.6855263157894737, 0.7128947368421052, 0.7073684210526315, 0.6681578947368421, 0.6936842105263158, 0.7036842105263158, 0.6597368421052632]",0.7803180914512923,0.5634584377221025,0.5510901399284087,0.5651195122807093
youtube,24,0.7288776796973518,0.856,0.868,"[0.644, 0.652, 0.8, 0.78, 0.788, 0.8, 0.828, 0.828, 0.816, 0.876, 0.844]",0.8740740740740741,0.5305663408428927,0.5618556701030928,0.5831509228016873
